1569849944,0.00,0.00,0.00,21.01,66.55,98026.24,608.00,15,0, Mon, 19/09/30, 13:25:44 
1569850022,0.00,0.00,0.00,21.06,66.43,98027.92,617.00,15,1, Mon, 19/09/30, 13:27:02 
1569850100,0.00,0.00,0.00,21.12,66.62,98025.24,636.00,15,2, Mon, 19/09/30, 13:28:20 
1569850178,0.00,0.00,0.00,21.19,66.58,98009.65,642.00,16,3, Mon, 19/09/30, 13:29:38 
1569850256,0.00,0.00,0.00,21.25,66.94,98003.22,646.00,16,4, Mon, 19/09/30, 13:30:56 
1569850334,0.00,0.00,0.00,21.30,66.96,98003.25,615.00,12,5, Mon, 19/09/30, 13:32:14 
1569850412,0.00,0.00,0.00,21.37,66.82,97988.72,612.00,16,6, Mon, 19/09/30, 13:33:32 
1569850490,0.00,0.00,0.00,21.40,66.93,97992.51,608.00,16,7, Mon, 19/09/30, 13:34:50 
1569850568,0.00,0.00,0.00,21.45,66.94,97981.74,571.00,16,8, Mon, 19/09/30, 13:36:08 
1569850646,0.00,0.00,0.00,21.50,66.64,97979.06,556.00,16,9, Mon, 19/09/30, 13:37:26 
1569850724,0.00,0.00,0.00,21.54,67.58,97975.57,550.00,16,10, Mon, 19/09/30, 13:38:44 
1569850802,0.00,0.00,0.00,21.62,67.58,97969.12,538.00,16,11, Mon, 19/09/30, 13:40:02 
1569850880,0.00,0.00,0.00,21.65,67.50,97961.03,556.00,16,12, Mon, 19/09/30, 13:41:20 
1569850958,0.00,0.00,0.00,21.70,67.52,97961.32,564.00,17,13, Mon, 19/09/30, 13:42:38 
1569851036,0.00,0.00,0.00,21.72,67.48,97956.20,558.00,17,14, Mon, 19/09/30, 13:43:56 
1569851114,0.00,0.00,0.00,21.77,67.48,97961.87,532.00,17,15, Mon, 19/09/30, 13:45:14 
1569851192,0.00,0.00,0.00,21.80,67.60,97952.15,536.00,17,16, Mon, 19/09/30, 13:46:32 
1569851270,0.00,0.00,0.00,21.81,67.74,97946.28,549.00,17,17, Mon, 19/09/30, 13:47:50 
1569851348,0.00,0.00,0.00,21.87,67.52,97940.32,544.00,17,18, Mon, 19/09/30, 13:49:08 
1569851426,0.00,0.00,0.00,21.90,67.48,97940.34,542.00,17,19, Mon, 19/09/30, 13:50:26 
1569851504,0.00,0.00,0.00,21.94,67.48,97931.70,544.00,17,20, Mon, 19/09/30, 13:51:44 
1569851582,0.00,0.00,0.00,21.98,67.50,97923.90,552.00,17,21, Mon, 19/09/30, 13:53:02 
1569851660,0.00,0.00,0.00,22.03,67.49,97916.89,549.00,18,22, Mon, 19/09/30, 13:54:20 
1569851738,0.00,0.00,0.00,22.04,67.54,97916.32,540.00,18,23, Mon, 19/09/30, 13:55:38 
1569851816,0.00,0.00,0.00,22.09,67.48,97905.80,524.00,18,24, Mon, 19/09/30, 13:56:56 
1569851894,0.00,0.00,0.00,22.12,67.45,97907.97,526.00,18,25, Mon, 19/09/30, 13:58:14 
1569851972,0.00,0.00,0.00,22.15,67.62,97902.01,520.00,18,26, Mon, 19/09/30, 13:59:32 
1569852050,0.00,0.00,0.00,22.19,67.48,97911.22,527.00,18,27, Mon, 19/09/30, 14:00:50 
1569852128,0.00,0.00,0.00,22.22,67.48,97907.14,560.00,18,28, Mon, 19/09/30, 14:02:08 
1569852206,0.00,0.00,0.00,22.25,67.45,97912.82,581.00,18,29, Mon, 19/09/30, 14:03:26 
1569852285,0.00,0.00,0.00,22.30,67.52,97913.90,546.00,18,30, Mon, 19/09/30, 14:04:45 
1569852364,0.00,0.00,0.00,22.34,67.54,97913.89,567.00,18,31, Mon, 19/09/30, 14:06:04 
1569852443,0.00,0.00,0.00,22.37,67.33,97915.24,590.00,18,32, Mon, 19/09/30, 14:07:23 
1569852522,0.00,0.00,0.00,22.40,67.57,97915.50,573.00,18,33, Mon, 19/09/30, 14:08:42 
1569852601,0.00,0.00,0.00,22.45,67.52,97913.87,566.00,18,34, Mon, 19/09/30, 14:10:01 
1569852680,0.00,0.00,0.00,22.50,67.45,97921.99,577.00,18,35, Mon, 19/09/30, 14:11:20 
1569852759,0.00,0.00,0.00,22.52,67.43,97921.42,553.00,18,36, Mon, 19/09/30, 14:12:39 
1569852838,0.00,0.00,0.00,22.56,67.43,97926.82,511.00,19,37, Mon, 19/09/30, 14:13:58 
1569852917,0.00,0.00,0.00,22.59,67.41,97928.22,497.00,12,38, Mon, 19/09/30, 14:15:17 
1569852996,0.00,0.00,0.00,22.62,67.39,97927.65,497.00,14,39, Mon, 19/09/30, 14:16:36 
1569853075,0.00,0.00,0.00,22.64,67.35,97926.30,503.00,14,40, Mon, 19/09/30, 14:17:55 
1569853154,0.00,0.00,0.00,22.69,67.30,97912.26,519.00,19,41, Mon, 19/09/30, 14:19:14 
1569853233,0.00,0.00,0.00,22.70,67.22,97909.00,536.00,19,42, Mon, 19/09/30, 14:20:33 
1569853312,0.00,0.00,0.00,22.73,67.22,97907.64,554.00,19,43, Mon, 19/09/30, 14:21:52 
1569853391,0.00,0.00,0.00,22.78,67.13,97908.72,548.00,20,44, Mon, 19/09/30, 14:23:11 
1569853470,0.00,0.00,0.00,22.81,67.25,97903.56,535.00,20,45, Mon, 19/09/30, 14:24:30 
1569853549,0.00,0.00,0.00,22.85,67.11,97903.02,533.00,20,46, Mon, 19/09/30, 14:25:49 
1569853628,0.00,0.00,0.00,22.87,66.98,97906.80,533.00,20,47, Mon, 19/09/30, 14:27:08 
1569853707,0.00,0.00,0.00,22.92,67.01,97902.45,522.00,20,48, Mon, 19/09/30, 14:28:27 
1569853786,0.00,0.00,0.00,22.95,67.00,97899.19,556.00,20,49, Mon, 19/09/30, 14:29:46 
1569853865,0.00,0.00,0.00,22.97,67.01,97898.65,587.00,20,50, Mon, 19/09/30, 14:31:05 
1569853944,0.00,0.00,0.00,23.00,66.94,97888.37,568.00,20,51, Mon, 19/09/30, 14:32:24 
1569854023,0.00,0.00,0.00,23.02,66.92,97884.31,629.00,20,52, Mon, 19/09/30, 14:33:43 
1569854102,0.00,0.00,0.00,23.07,67.11,97881.86,621.00,20,53, Mon, 19/09/30, 14:35:02 
1569854181,0.00,0.00,0.00,23.10,66.85,97877.80,552.00,21,54, Mon, 19/09/30, 14:36:21 
1569854260,0.00,0.00,0.00,23.12,66.90,97878.05,575.00,21,55, Mon, 19/09/30, 14:37:40 
1569854339,0.00,0.00,0.00,23.14,66.80,97885.57,663.00,21,56, Mon, 19/09/30, 14:38:59 
1569854418,0.00,0.00,0.00,23.19,66.74,97881.26,699.00,21,57, Mon, 19/09/30, 14:40:18 
1569854497,0.00,0.00,0.00,23.22,66.79,97880.69,709.00,21,58, Mon, 19/09/30, 14:41:37 
1569854576,0.00,0.00,0.00,23.27,67.83,97880.68,718.00,22,59, Mon, 19/09/30, 14:42:56 
1569854655,0.00,0.00,0.00,23.30,67.56,97881.74,732.00,22,60, Mon, 19/09/30, 14:44:15 
1569854734,0.00,0.00,0.00,23.35,67.37,97886.61,700.00,22,61, Mon, 19/09/30, 14:45:34 
1569854813,0.00,0.00,0.00,23.37,67.43,97882.54,663.00,22,62, Mon, 19/09/30, 14:46:53 
1569854892,0.00,0.00,0.00,23.42,67.42,97880.07,643.00,15,63, Mon, 19/09/30, 14:48:12 
1569854971,0.00,0.00,0.00,23.43,67.44,97879.53,767.00,22,64, Mon, 19/09/30, 14:49:31 
1569855050,0.00,0.00,0.00,23.45,67.28,97870.06,645.00,22,65, Mon, 19/09/30, 14:50:50 
1569855129,0.00,0.00,0.00,23.46,67.30,97867.06,627.00,22,66, Mon, 19/09/30, 14:52:09 
1569855208,0.00,0.00,0.00,23.50,67.43,97863.00,630.00,22,67, Mon, 19/09/30, 14:53:28 
1569855287,0.00,0.00,0.00,23.53,67.25,97869.72,712.00,22,68, Mon, 19/09/30, 14:54:47 
1569855366,0.00,0.00,0.00,23.54,67.35,97870.25,662.00,9,69, Mon, 19/09/30, 14:56:06 
1569855445,0.00,0.00,0.00,23.55,67.13,97865.37,672.00,9,70, Mon, 19/09/30, 14:57:25 
1569855524,0.00,0.00,0.00,23.57,67.05,97858.06,667.00,9,71, Mon, 19/09/30, 14:58:44 
1569855603,0.00,0.00,0.00,23.60,66.79,97858.59,647.00,9,72, Mon, 19/09/30, 15:00:03 
1569855682,0.00,0.00,0.00,23.60,66.72,97851.30,628.00,9,73, Mon, 19/09/30, 15:01:22 
1569855761,0.00,0.00,0.00,23.61,66.68,97852.89,604.00,9,74, Mon, 19/09/30, 15:02:41 
1569855840,0.00,0.00,0.00,23.62,66.66,97837.47,620.00,7,75, Mon, 19/09/30, 15:04:00 
1569855919,0.00,0.00,0.00,23.61,66.57,97830.17,638.00,9,76, Mon, 19/09/30, 15:05:19 
1569855998,0.00,0.00,0.00,23.62,66.50,97820.42,634.00,9,77, Mon, 19/09/30, 15:06:38 
1569856077,0.00,0.00,0.00,23.62,66.44,97819.35,601.00,9,78, Mon, 19/09/30, 15:07:57 
1569856156,0.00,0.00,0.00,23.62,66.44,97821.24,566.00,9,79, Mon, 19/09/30, 15:09:16 
1569856235,0.00,0.00,0.00,23.60,66.45,97818.53,597.00,9,80, Mon, 19/09/30, 15:10:35 
1569856314,0.00,0.00,0.00,23.60,66.35,97824.76,635.00,9,81, Mon, 19/09/30, 15:11:54 
1569856393,0.00,0.00,0.00,23.62,66.30,97815.82,664.00,9,82, Mon, 19/09/30, 15:13:13 
1569856472,0.00,0.00,0.00,23.62,66.24,97817.72,678.00,9,83, Mon, 19/09/30, 15:14:32 
1569856551,0.00,0.00,0.00,23.62,66.19,97812.05,685.00,9,84, Mon, 19/09/30, 15:15:51 
1569856630,0.00,0.00,0.00,23.62,66.12,97813.65,664.00,9,85, Mon, 19/09/30, 15:17:10 
1569856709,0.00,0.00,0.00,23.63,66.25,97814.47,621.00,9,86, Mon, 19/09/30, 15:18:29 
1569856788,0.00,0.00,0.00,23.64,65.99,97805.24,559.00,9,87, Mon, 19/09/30, 15:19:48 
1569856867,0.00,0.00,0.00,23.65,65.92,97809.57,604.00,6,88, Mon, 19/09/30, 15:21:07 
1569856946,0.00,0.00,0.00,23.67,65.92,97796.87,611.00,9,89, Mon, 19/09/30, 15:22:26 
1569857025,0.00,0.00,0.00,23.68,65.85,97791.45,554.00,9,90, Mon, 19/09/30, 15:23:45 
1569857104,0.00,0.00,0.00,23.68,65.81,97794.94,502.00,9,91, Mon, 19/09/30, 15:25:04 
1569857183,0.00,0.00,0.00,23.69,65.77,97781.41,501.00,9,92, Mon, 19/09/30, 15:26:23 
1569857262,0.00,0.00,0.00,23.69,65.71,97779.24,514.00,7,93, Mon, 19/09/30, 15:27:42 
1569857341,0.00,0.00,0.00,23.69,65.66,97779.24,516.00,9,94, Mon, 19/09/30, 15:29:01 
1569857420,0.00,0.00,0.00,23.69,65.64,97774.64,506.00,9,95, Mon, 19/09/30, 15:30:20 
1569857500,0.00,0.00,0.00,23.69,65.63,97772.75,506.00,9,96, Mon, 19/09/30, 15:31:40 
1569857579,0.00,0.00,0.00,23.70,65.52,97772.75,524.00,9,97, Mon, 19/09/30, 15:32:59 
1569857658,0.00,0.00,0.00,23.70,65.57,97777.87,528.00,9,98, Mon, 19/09/30, 15:34:18 
1569857738,0.00,0.00,0.00,23.71,65.62,97772.45,534.00,9,99, Mon, 19/09/30, 15:35:38 
1569857818,0.00,0.00,0.00,23.72,65.56,97774.90,554.00,9,100, Mon, 19/09/30, 15:36:58 
1569857922,0.00,0.00,0.00,23.73,65.50,97768.37,565.00,9,101, Mon, 19/09/30, 15:38:42 
1569858002,0.00,0.00,0.00,23.75,65.47,97764.86,557.00,8,102, Mon, 19/09/30, 15:40:02 
1569858082,0.00,0.00,0.00,23.76,65.60,97768.09,525.00,8,103, Mon, 19/09/30, 15:41:22 
1569858162,0.00,0.00,0.00,23.77,65.45,97766.19,502.00,8,104, Mon, 19/09/30, 15:42:42 
1569858242,0.00,0.00,0.00,23.77,65.45,97760.78,495.00,8,105, Mon, 19/09/30, 15:44:02 
1569858322,0.00,0.00,0.00,23.77,65.44,97757.00,501.00,5,106, Mon, 19/09/30, 15:45:22 
1569858402,0.00,0.00,0.00,23.78,65.45,97755.07,506.00,8,107, Mon, 19/09/30, 15:46:42 
1569858482,0.00,0.00,0.00,23.79,65.41,97753.19,493.00,8,108, Mon, 19/09/30, 15:48:02 
1569858562,0.00,0.00,0.00,23.79,65.40,97751.00,462.00,8,109, Mon, 19/09/30, 15:49:22 
1569858642,0.00,0.00,0.00,23.79,65.44,97751.00,431.00,8,110, Mon, 19/09/30, 15:50:42 
1569858722,0.00,0.00,0.00,23.79,65.44,97742.88,439.00,8,111, Mon, 19/09/30, 15:52:02 
1569858802,0.00,0.00,0.00,23.79,65.61,97751.00,484.00,8,112, Mon, 19/09/30, 15:53:22 
1569858882,0.00,0.00,0.00,23.81,65.45,97758.05,514.00,6,113, Mon, 19/09/30, 15:54:42 
1569858962,0.00,0.00,0.00,23.82,65.44,97757.75,520.00,8,114, Mon, 19/09/30, 15:56:02 
1569859042,0.00,0.00,0.00,23.84,65.44,97750.45,514.00,8,115, Mon, 19/09/30, 15:57:22 
1569859122,0.00,0.00,0.00,23.85,65.44,97745.56,508.00,8,116, Mon, 19/09/30, 15:58:42 
1569859202,0.00,0.00,0.00,23.84,65.46,97744.74,495.00,8,117, Mon, 19/09/30, 16:00:02 
1569859282,0.00,0.00,0.00,23.85,65.46,97744.45,470.00,8,118, Mon, 19/09/30, 16:01:22 
1569859362,0.00,0.00,0.00,23.86,65.49,97739.03,451.00,8,119, Mon, 19/09/30, 16:02:42 
1569859442,0.00,0.00,0.00,23.87,65.49,97742.55,443.00,8,120, Mon, 19/09/30, 16:04:02 
1569859522,0.00,0.00,0.00,23.87,65.53,97738.74,448.00,8,121, Mon, 19/09/30, 16:05:22 
1569859602,0.00,0.00,0.00,23.89,65.49,97746.59,437.00,8,122, Mon, 19/09/30, 16:06:42 
1569859682,0.00,0.00,0.00,23.88,65.51,97741.97,411.00,8,123, Mon, 19/09/30, 16:08:02 
1569859762,0.00,0.00,0.00,23.89,65.51,97738.19,401.00,8,124, Mon, 19/09/30, 16:09:22 
1569859842,0.00,0.00,0.00,23.90,65.64,97747.12,420.00,8,125, Mon, 19/09/30, 16:10:42 
1569859922,0.00,0.00,0.00,23.90,65.39,97744.41,434.00,8,126, Mon, 19/09/30, 16:12:02 
1569860002,0.00,0.00,0.00,23.92,65.46,97746.82,441.00,8,127, Mon, 19/09/30, 16:13:22 
1569860082,0.00,0.00,0.00,23.93,65.57,97744.94,449.00,8,128, Mon, 19/09/30, 16:14:42 
1569860162,0.00,0.00,0.00,23.93,65.32,97745.72,450.00,8,129, Mon, 19/09/30, 16:16:02 
1569860242,0.00,0.00,0.00,23.95,65.41,97741.12,452.00,8,130, Mon, 19/09/30, 16:17:22 
1569860322,0.00,0.00,0.00,23.95,65.41,97743.82,466.00,8,131, Mon, 19/09/30, 16:18:42 
1569860402,0.00,0.00,0.00,23.95,65.42,97742.75,488.00,8,132, Mon, 19/09/30, 16:20:02 
1569860482,0.00,0.00,0.00,23.95,65.40,97747.05,497.00,8,133, Mon, 19/09/30, 16:21:22 
1569860562,0.00,0.00,0.00,23.96,65.38,97747.05,505.00,8,134, Mon, 19/09/30, 16:22:42 
1569860642,0.00,0.00,0.00,23.97,65.35,97742.45,502.00,8,135, Mon, 19/09/30, 16:24:02 
1569860722,0.00,0.00,0.00,23.97,65.35,97741.37,507.00,8,136, Mon, 19/09/30, 16:25:22 
1569860802,0.00,0.00,0.00,23.98,65.34,97739.45,513.00,8,137, Mon, 19/09/30, 16:26:42 
1569860882,0.00,0.00,0.00,24.00,65.22,97741.89,516.00,8,138, Mon, 19/09/30, 16:28:02 
1569860962,0.00,0.00,0.00,24.02,65.25,97737.00,515.00,8,139, Mon, 19/09/30, 16:29:22 
1569861042,0.00,0.00,0.00,24.02,65.23,97737.00,515.00,8,140, Mon, 19/09/30, 16:30:42 
1569861122,0.00,0.00,0.00,24.03,65.21,97741.30,517.00,8,141, Mon, 19/09/30, 16:32:02 
1569861202,0.00,0.00,0.00,24.04,65.32,97738.32,511.00,8,142, Mon, 19/09/30, 16:33:22 
1569861282,0.00,0.00,0.00,24.04,65.14,97731.03,502.00,8,143, Mon, 19/09/30, 16:34:42 
1569861362,0.00,0.00,0.00,24.05,65.13,97735.36,500.00,8,144, Mon, 19/09/30, 16:36:02 
1569861442,0.00,0.00,0.00,24.06,65.12,97733.44,467.00,8,145, Mon, 19/09/30, 16:37:22 
1569861522,0.00,0.00,0.00,24.07,65.96,97728.55,387.00,19,146, Mon, 19/09/30, 16:38:42 
1569861602,0.00,0.00,0.00,24.10,66.54,97725.57,368.00,20,147, Mon, 19/09/30, 16:40:02 
1569861682,0.00,0.00,0.00,24.12,66.88,97732.29,351.00,20,148, Mon, 19/09/30, 16:41:22 
1569861762,0.00,0.00,0.00,24.14,67.24,97723.61,341.00,15,149, Mon, 19/09/30, 16:42:42 
1569861842,0.00,0.00,0.00,24.19,67.22,97730.05,337.00,20,150, Mon, 19/09/30, 16:44:02 
1569861922,0.00,0.00,0.00,24.20,67.40,97725.15,334.00,20,151, Mon, 19/09/30, 16:45:22 
1569862002,0.00,0.00,0.00,24.25,67.56,97721.89,336.00,20,152, Mon, 19/09/30, 16:46:42 
1569862082,0.00,0.00,0.00,24.27,67.71,97714.28,343.00,21,153, Mon, 19/09/30, 16:48:02 
1569862162,0.00,0.00,0.00,24.30,67.80,97719.62,347.00,21,154, Mon, 19/09/30, 16:49:22 
1569862242,0.00,0.00,0.00,24.32,67.86,97722.03,342.00,21,155, Mon, 19/09/30, 16:50:42 
1569862322,0.00,0.00,0.00,24.37,67.75,97720.36,343.00,22,156, Mon, 19/09/30, 16:52:02 
1569862402,0.00,0.00,0.00,24.38,67.96,97706.55,347.00,22,157, Mon, 19/09/30, 16:53:22 
1569862482,0.00,0.00,0.00,24.42,68.16,97710.28,347.00,22,158, Mon, 19/09/30, 16:54:42 
1569862562,0.00,0.00,0.00,24.43,68.20,97712.69,348.00,15,159, Mon, 19/09/30, 16:56:02 
1569862642,0.00,0.00,0.00,24.45,67.70,97705.90,344.00,22,160, Mon, 19/09/30, 16:57:22 
1569862722,0.00,0.00,0.00,24.46,67.51,97710.20,354.00,22,161, Mon, 19/09/30, 16:58:42 
1569862802,0.00,0.00,0.00,24.47,67.57,97706.41,411.00,23,162, Mon, 19/09/30, 17:00:02 
1569862882,0.00,0.00,0.00,24.47,67.77,97709.94,410.00,18,163, Mon, 19/09/30, 17:01:22 
1569862962,0.00,0.00,0.00,24.50,67.48,97699.88,410.00,18,164, Mon, 19/09/30, 17:02:42 
1569863042,0.00,0.00,0.00,24.50,67.38,97713.43,407.00,18,165, Mon, 19/09/30, 17:04:02 
1569863122,0.00,0.00,0.00,24.51,67.28,97709.64,403.00,23,166, Mon, 19/09/30, 17:05:22 
1569863202,0.00,0.00,0.00,24.52,67.34,97705.82,384.00,11,167, Mon, 19/09/30, 17:06:42 
1569863282,0.00,0.00,0.00,24.53,67.27,97705.82,358.00,15,168, Mon, 19/09/30, 17:08:02 
1569863362,0.00,0.00,0.00,24.51,67.17,97704.22,350.00,19,169, Mon, 19/09/30, 17:09:22 
1569863442,0.00,0.00,0.00,24.50,67.13,97698.50,354.00,23,170, Mon, 19/09/30, 17:10:42 
1569863522,0.00,0.00,0.00,24.51,67.00,97693.39,349.00,23,171, Mon, 19/09/30, 17:12:02 
1569863603,0.00,0.00,0.00,24.51,66.97,97687.97,344.00,20,172, Mon, 19/09/30, 17:13:23 
1569863684,0.00,0.00,0.00,24.50,66.91,97693.39,341.00,20,173, Mon, 19/09/30, 17:14:44 
1569863765,0.00,0.00,0.00,24.51,67.02,97693.39,342.00,24,174, Mon, 19/09/30, 17:16:05 
1569863846,0.00,0.00,0.00,24.50,66.84,97695.28,345.00,19,175, Mon, 19/09/30, 17:17:26 
1569863927,0.00,0.00,0.00,24.50,66.80,97693.39,351.00,24,176, Mon, 19/09/30, 17:18:47 
1569864008,0.00,0.00,0.00,24.51,66.73,97693.39,359.00,25,177, Mon, 19/09/30, 17:20:08 
1569864089,0.00,0.00,0.00,24.50,66.69,97694.20,367.00,25,178, Mon, 19/09/30, 17:21:29 
1569864170,0.00,0.00,0.00,24.51,66.48,97697.69,376.00,25,179, Mon, 19/09/30, 17:22:50 
1569864251,0.00,0.00,0.00,24.52,66.63,97694.20,386.00,25,180, Mon, 19/09/30, 17:24:11 
1569864332,0.00,0.00,0.00,24.52,66.59,97693.90,393.00,25,181, Mon, 19/09/30, 17:25:32 
1569864413,0.00,0.00,0.00,24.52,66.57,97697.42,401.00,25,182, Mon, 19/09/30, 17:26:53 
1569864494,0.00,0.00,0.00,24.54,66.50,97695.22,399.00,18,183, Mon, 19/09/30, 17:28:14 
1569864575,0.00,0.00,0.00,24.54,66.44,97684.39,390.00,25,184, Mon, 19/09/30, 17:29:35 
1569864656,0.00,0.00,0.00,24.55,66.41,97690.59,381.00,25,185, Mon, 19/09/30, 17:30:56 
1569864737,0.00,0.00,0.00,24.56,66.39,97694.93,372.00,26,186, Mon, 19/09/30, 17:32:17 
1569864818,0.00,0.00,0.00,24.56,66.35,97686.80,365.00,26,187, Mon, 19/09/30, 17:33:38 
1569864899,0.00,0.00,0.00,24.55,66.15,97690.32,363.00,26,188, Mon, 19/09/30, 17:34:59 
1569864980,0.00,0.00,0.00,24.57,66.05,97693.81,367.00,26,189, Mon, 19/09/30, 17:36:20 
1569865061,0.00,0.00,0.00,24.57,66.28,97690.02,369.00,22,190, Mon, 19/09/30, 17:37:41 
1569865142,0.00,0.00,0.00,24.57,66.23,97688.90,365.00,27,191, Mon, 19/09/30, 17:39:02 
1569865223,0.00,0.00,0.00,24.60,66.20,97693.55,353.00,27,192, Mon, 19/09/30, 17:40:23 
1569865304,0.00,0.00,0.00,24.60,66.17,97687.82,336.00,27,193, Mon, 19/09/30, 17:41:44 
1569865385,0.00,0.00,0.00,24.60,66.16,97689.72,324.00,23,194, Mon, 19/09/30, 17:43:05 
1569865466,0.00,0.00,0.00,24.61,66.18,97687.01,319.00,27,195, Mon, 19/09/30, 17:44:26 
1569865547,0.00,0.00,0.00,24.61,66.20,97689.72,317.00,28,196, Mon, 19/09/30, 17:45:47 
1569865628,0.00,0.00,0.00,24.60,66.11,97687.82,318.00,28,197, Mon, 19/09/30, 17:47:08 
1569865709,0.00,0.00,0.00,24.60,66.26,97684.30,317.00,23,198, Mon, 19/09/30, 17:48:29 
1569865790,0.00,0.00,0.00,24.61,66.27,97685.93,313.00,28,199, Mon, 19/09/30, 17:49:50 
1569865871,0.00,0.00,0.00,24.61,66.29,97685.93,310.00,23,200, Mon, 19/09/30, 17:51:11 
1569865952,0.00,0.00,0.00,24.62,66.30,97693.25,307.00,28,201, Mon, 19/09/30, 17:52:32 
1569866110,0.00,0.00,0.00,24.62,66.25,97682.11,294.00,28,202, Mon, 19/09/30, 17:55:10 
1569866199,0.00,0.00,0.00,24.62,66.64,97688.34,291.00,15,203, Mon, 19/09/30, 17:56:39 
1569866308,0.00,0.00,0.00,24.63,66.57,97692.65,284.00,15,204, Mon, 19/09/30, 17:58:28 
1569866450,0.00,0.00,0.00,24.65,66.46,97690.45,280.00,8,205, Mon, 19/09/30, 18:00:50 
1569866538,0.00,0.00,0.00,24.65,66.44,97692.07,286.00,15,206, Mon, 19/09/30, 18:02:18 
1569866652,0.00,0.00,0.00,24.67,66.46,97696.69,290.00,15,207, Mon, 19/09/30, 18:04:12 
1569866794,0.00,0.00,0.00,24.65,66.59,97692.89,286.00,15,208, Mon, 19/09/30, 18:06:34 
1569866936,0.00,0.00,0.00,24.67,66.38,97686.65,277.00,11,209, Mon, 19/09/30, 18:08:56 
1569867078,0.00,0.00,0.00,24.67,66.37,97686.65,268.00,15,210, Mon, 19/09/30, 18:11:18 
1569867202,0.00,0.00,0.00,24.67,66.34,97692.89,260.00,15,211, Mon, 19/09/30, 18:13:22 
1569867369,0.00,0.00,0.00,24.65,66.37,97695.87,250.00,15,212, Mon, 19/09/30, 18:16:09 
1569867477,0.00,0.00,0.00,24.67,66.35,97694.79,242.00,15,213, Mon, 19/09/30, 18:17:57 
1569867558,0.00,0.00,0.00,24.65,66.41,97692.07,235.00,15,214, Mon, 19/09/30, 18:19:18 
1569867639,0.00,0.00,0.00,24.67,66.43,97698.31,229.00,15,215, Mon, 19/09/30, 18:20:39 
1569867720,0.00,0.00,0.00,24.65,66.47,97693.15,224.00,7,216, Mon, 19/09/30, 18:22:00 
1569867801,0.00,0.00,0.00,24.65,66.44,97695.87,219.00,9,217, Mon, 19/09/30, 18:23:21 
1569867882,0.00,0.00,0.00,24.64,66.42,97697.50,216.00,14,218, Mon, 19/09/30, 18:24:42 
1569867963,0.00,0.00,0.00,24.64,66.39,97690.45,214.00,14,219, Mon, 19/09/30, 18:26:03 
1569868044,0.00,0.00,0.00,24.65,66.39,97698.57,213.00,11,220, Mon, 19/09/30, 18:27:24 
1569868125,0.00,0.00,0.00,24.65,66.33,97690.45,212.00,14,221, Mon, 19/09/30, 18:28:45 
1569868206,0.00,0.00,0.00,24.65,66.34,97693.97,210.00,10,222, Mon, 19/09/30, 18:30:06 
1569868287,0.00,0.00,0.00,24.65,66.34,97694.79,208.00,9,223, Mon, 19/09/30, 18:31:27 
1569868368,0.00,0.00,0.00,24.65,66.35,97701.01,204.00,14,224, Mon, 19/09/30, 18:32:48 
1569868449,0.00,0.00,0.00,24.65,66.29,97691.26,200.00,11,225, Mon, 19/09/30, 18:34:09 
1569868530,0.00,0.00,0.00,24.67,66.25,97692.07,195.00,14,226, Mon, 19/09/30, 18:35:30 
1569868611,0.00,0.00,0.00,24.65,66.21,97693.97,191.00,9,227, Mon, 19/09/30, 18:36:51 
1569868692,0.00,0.00,0.00,24.64,66.23,97690.45,186.00,11,228, Mon, 19/09/30, 18:38:12 
1569868773,0.00,0.00,0.00,24.64,66.31,97685.03,180.00,9,229, Mon, 19/09/30, 18:39:33 
1569868854,0.00,0.00,0.00,24.65,66.23,97689.67,176.00,14,230, Mon, 19/09/30, 18:40:54 
1569868935,0.00,0.00,0.00,24.65,66.18,97690.45,170.00,9,231, Mon, 19/09/30, 18:42:15 
1569869016,0.00,0.00,0.00,24.65,66.24,97688.86,166.00,14,232, Mon, 19/09/30, 18:43:36 
1569869097,0.00,0.00,0.00,24.64,66.20,97689.67,161.00,14,233, Mon, 19/09/30, 18:44:57 
1569869178,0.00,0.00,0.00,24.64,66.18,97680.72,156.00,9,234, Mon, 19/09/30, 18:46:18 
1569869259,0.00,0.00,0.00,24.64,66.20,97681.54,151.00,14,235, Mon, 19/09/30, 18:47:39 
1569869340,0.00,0.00,0.00,24.65,66.20,97682.32,146.00,9,236, Mon, 19/09/30, 18:49:00 
1569869421,0.00,0.00,0.00,24.64,66.17,97688.04,141.00,10,237, Mon, 19/09/30, 18:50:21 
1569869502,0.00,0.00,0.00,24.65,66.14,97682.62,135.00,8,238, Mon, 19/09/30, 18:51:42 
1569869583,0.00,0.00,0.00,24.64,66.15,97686.14,131.00,7,239, Mon, 19/09/30, 18:53:03 
1569869664,0.00,0.00,0.00,24.64,66.15,97683.44,125.00,14,240, Mon, 19/09/30, 18:54:24 
1569869746,0.00,0.00,0.00,24.64,66.12,97683.44,120.00,14,241, Mon, 19/09/30, 18:55:46 
1569869828,0.00,0.00,0.00,24.64,66.10,97680.72,115.00,10,242, Mon, 19/09/30, 18:57:08 
1569869910,0.00,0.00,0.00,24.63,66.16,97676.39,109.00,8,243, Mon, 19/09/30, 18:58:30 
1569869992,0.00,0.00,0.00,24.63,66.08,97674.49,103.00,14,244, Mon, 19/09/30, 18:59:52 
1569870074,0.00,0.00,0.00,24.63,66.08,97676.39,98.00,9,245, Mon, 19/09/30, 19:01:14 
1569870156,0.00,0.00,0.00,24.62,66.06,97673.68,93.00,9,246, Mon, 19/09/30, 19:02:36 
1569870238,0.00,0.00,0.00,24.63,66.06,97677.20,88.00,13,247, Mon, 19/09/30, 19:03:58 
1569870320,0.00,0.00,0.00,24.62,66.03,97675.61,83.00,7,248, Mon, 19/09/30, 19:05:20 
1569870402,0.00,0.00,0.00,24.62,66.03,97675.61,79.00,13,249, Mon, 19/09/30, 19:06:42 
1569870484,0.00,0.00,0.00,24.62,65.95,97680.21,74.00,13,250, Mon, 19/09/30, 19:08:04 
1569870566,0.00,0.00,0.00,24.62,65.97,97678.31,70.00,8,251, Mon, 19/09/30, 19:09:26 
1569870648,0.00,0.00,0.00,24.62,65.98,97682.92,65.00,8,252, Mon, 19/09/30, 19:10:48 
1569870730,0.00,0.00,0.00,24.62,65.98,97680.21,61.00,13,253, Mon, 19/09/30, 19:12:10 
1569870812,0.00,0.00,0.00,24.62,65.95,97675.61,56.00,13,254, Mon, 19/09/30, 19:13:32 
1569870894,0.00,0.00,0.00,24.62,65.93,97677.50,52.00,13,255, Mon, 19/09/30, 19:14:54 
1569870976,0.00,0.00,0.00,24.62,65.82,97681.02,48.00,9,256, Mon, 19/09/30, 19:16:16 
1569871058,0.00,0.00,0.00,24.62,65.93,97675.87,44.00,13,257, Mon, 19/09/30, 19:17:38 
1569871140,0.00,0.00,0.00,24.61,65.91,97680.21,41.00,8,258, Mon, 19/09/30, 19:19:00 
1569871222,0.00,0.00,0.00,24.62,66.01,97681.30,37.00,9,259, Mon, 19/09/30, 19:20:22 
1569871304,0.00,0.00,0.00,24.62,65.93,97682.11,34.00,9,260, Mon, 19/09/30, 19:21:44 
1569871386,0.00,0.00,0.00,24.61,65.96,97686.72,30.00,13,261, Mon, 19/09/30, 19:23:06 
1569871468,0.00,0.00,0.00,24.61,65.93,97678.59,27.00,9,262, Mon, 19/09/30, 19:24:28 
1569871550,0.00,0.00,0.00,24.62,65.91,97675.09,24.00,13,263, Mon, 19/09/30, 19:25:50 
1569871632,0.00,0.00,0.00,24.62,65.90,97674.28,22.00,13,264, Mon, 19/09/30, 19:27:12 
1569871714,0.00,0.00,0.00,24.60,65.95,97680.51,19.00,13,265, Mon, 19/09/30, 19:28:34 
1569871796,0.00,0.00,0.00,24.61,65.96,97681.59,16.00,13,266, Mon, 19/09/30, 19:29:56 
1569871878,0.00,0.00,0.00,24.60,65.93,97682.40,14.00,9,267, Mon, 19/09/30, 19:31:18 
1569871960,0.00,0.00,0.00,24.61,65.94,97677.80,12.00,13,268, Mon, 19/09/30, 19:32:40 
1569872042,0.00,0.00,0.00,24.60,65.93,97680.78,10.00,8,269, Mon, 19/09/30, 19:34:02 
1569872124,0.00,0.00,0.00,24.60,65.96,97672.65,9.00,7,270, Mon, 19/09/30, 19:35:24 
1569872206,0.00,0.00,0.00,24.60,65.91,97675.36,7.00,13,271, Mon, 19/09/30, 19:36:46 
1569872288,0.00,0.00,0.00,24.59,66.11,97669.15,5.00,7,272, Mon, 19/09/30, 19:38:08 
1569872370,0.00,0.00,0.00,24.60,65.97,97665.34,4.00,13,273, Mon, 19/09/30, 19:39:30 
1569872452,0.00,0.00,0.00,24.60,65.94,97673.76,4.00,13,274, Mon, 19/09/30, 19:40:52 
1569872534,0.00,0.00,0.00,24.59,65.96,97674.57,2.00,8,275, Mon, 19/09/30, 19:42:14 
1569872616,0.00,0.00,0.00,24.59,65.95,97672.65,2.00,8,276, Mon, 19/09/30, 19:43:36 
1569872698,0.00,0.00,0.00,24.59,65.97,97665.64,1.00,8,277, Mon, 19/09/30, 19:44:58 
1569872780,0.00,0.00,0.00,24.59,66.00,97674.57,0.00,12,278, Mon, 19/09/30, 19:46:20 
1569872862,0.00,0.00,0.00,24.59,65.94,97671.05,1.00,9,279, Mon, 19/09/30, 19:47:42 
1569872944,0.00,0.00,0.00,24.59,65.97,97667.53,0.00,9,280, Mon, 19/09/30, 19:49:04 
1569873026,0.00,0.00,0.00,24.59,65.99,97662.11,0.00,12,281, Mon, 19/09/30, 19:50:26 
1569873108,0.00,0.00,0.00,24.59,66.02,97663.24,0.00,8,282, Mon, 19/09/30, 19:51:48 
1569873190,0.00,0.00,0.00,24.59,65.97,97662.92,0.00,12,283, Mon, 19/09/30, 19:53:10 
1569873272,0.00,0.00,0.00,24.59,65.99,97664.82,0.00,8,284, Mon, 19/09/30, 19:54:32 
1569873354,0.00,0.00,0.00,24.59,65.95,97670.25,0.00,12,285, Mon, 19/09/30, 19:55:54 
1569873436,0.00,0.00,0.00,24.57,66.07,97666.72,0.00,8,286, Mon, 19/09/30, 19:57:16 
1569873518,0.00,0.00,0.00,24.59,66.04,97674.84,0.00,8,287, Mon, 19/09/30, 19:58:38 
1569873600,0.00,0.00,0.00,24.57,66.05,97678.37,0.00,12,288, Mon, 19/09/30, 20:00:00 
1569873682,0.00,0.00,0.00,24.56,66.05,97679.19,0.00,8,289, Mon, 19/09/30, 20:01:22 
1569873764,0.00,0.00,0.00,24.57,66.10,97685.69,0.00,12,290, Mon, 19/09/30, 20:02:44 
1569873846,0.00,0.00,0.00,24.57,66.09,97689.20,0.00,11,291, Mon, 19/09/30, 20:04:06 
1569873928,0.00,0.00,0.00,24.57,66.26,97686.80,0.00,8,292, Mon, 19/09/30, 20:05:28 
1569874010,0.00,0.00,0.00,24.56,66.08,97689.20,0.00,11,293, Mon, 19/09/30, 20:06:50 
1569874092,0.00,0.00,0.00,24.57,66.23,97689.20,0.00,8,294, Mon, 19/09/30, 20:08:12 
1569874174,0.00,0.00,0.00,24.56,66.25,97690.32,0.00,11,295, Mon, 19/09/30, 20:09:34 
1569874256,0.00,0.00,0.00,24.56,66.10,97689.20,0.00,11,296, Mon, 19/09/30, 20:10:56 
1569874338,0.00,0.00,0.00,24.57,66.12,97696.53,0.00,8,297, Mon, 19/09/30, 20:12:18 
1569874420,0.00,0.00,0.00,24.56,66.11,97700.05,0.00,7,298, Mon, 19/09/30, 20:13:40 
1569874502,0.00,0.00,0.00,24.56,66.12,97698.45,0.00,8,299, Mon, 19/09/30, 20:15:02 
1569874584,0.00,0.00,0.00,24.55,66.13,97703.06,0.00,11,300, Mon, 19/09/30, 20:16:24 
1569874666,0.00,0.00,0.00,24.55,66.12,97703.87,0.00,11,301, Mon, 19/09/30, 20:17:46 
1569874748,0.00,0.00,0.00,24.56,66.04,97706.57,0.00,11,302, Mon, 19/09/30, 20:19:08 
1569874830,0.00,0.00,0.00,24.56,66.06,97713.07,0.00,11,303, Mon, 19/09/30, 20:20:30 
1569874912,0.00,0.00,0.00,24.56,66.11,97713.07,0.00,11,304, Mon, 19/09/30, 20:21:52 
1569874994,0.00,0.00,0.00,24.56,66.01,97705.76,0.00,11,305, Mon, 19/09/30, 20:23:14 
1569875076,0.00,0.00,0.00,24.56,65.96,97706.84,0.00,11,306, Mon, 19/09/30, 20:24:36 
1569875158,0.00,0.00,0.00,24.55,65.98,97705.76,0.00,10,307, Mon, 19/09/30, 20:25:58 
1569875240,0.00,0.00,0.00,24.56,65.96,97714.70,0.00,10,308, Mon, 19/09/30, 20:27:20 
1569875322,0.00,0.00,0.00,24.56,65.97,97708.47,0.00,10,309, Mon, 19/09/30, 20:28:42 
1569875404,0.00,0.00,0.00,24.55,65.97,97719.31,0.00,10,310, Mon, 19/09/30, 20:30:04 
1569875486,0.00,0.00,0.00,24.55,65.92,97712.26,0.00,10,311, Mon, 19/09/30, 20:31:26 
1569875568,0.00,0.00,0.00,24.55,66.00,97716.60,0.00,7,312, Mon, 19/09/30, 20:32:48 
1569875650,0.00,0.00,0.00,24.55,65.94,97722.32,0.00,5,313, Mon, 19/09/30, 20:34:10 
1569875780,0.00,0.00,0.00,24.55,65.91,97723.11,0.00,10,314, Mon, 19/09/30, 20:36:20 
1569875912,0.00,0.00,0.00,24.55,65.92,97724.22,0.00,10,315, Mon, 19/09/30, 20:38:32 
1569876003,0.00,0.00,0.00,24.55,65.93,97723.11,0.00,10,316, Mon, 19/09/30, 20:40:03 
1569876147,0.00,0.00,0.00,24.54,65.93,97724.22,0.00,10,317, Mon, 19/09/30, 20:42:27 
1569876237,0.00,0.00,0.00,24.54,65.89,97723.11,0.00,8,318, Mon, 19/09/30, 20:43:57 
1569876349,0.00,0.00,0.00,24.54,65.88,97726.93,0.00,9,319, Mon, 19/09/30, 20:45:49 
1569876439,0.00,0.00,0.00,24.54,65.88,97725.03,0.00,9,320, Mon, 19/09/30, 20:47:19 
1569876583,0.00,0.00,0.00,24.54,65.88,97726.93,0.00,7,321, Mon, 19/09/30, 20:49:43 
1569876700,0.00,0.00,0.00,24.54,66.04,97727.74,0.00,9,322, Mon, 19/09/30, 20:51:40 
1569876791,0.00,0.00,0.00,24.54,65.81,97738.57,0.00,9,323, Mon, 19/09/30, 20:53:11 
1569876904,0.00,0.00,0.00,24.54,65.84,97731.53,0.00,9,324, Mon, 19/09/30, 20:55:04 
1569877018,0.00,0.00,0.00,24.54,65.78,97735.05,0.00,9,325, Mon, 19/09/30, 20:56:58 
1569877131,0.00,0.00,0.00,24.54,65.82,97734.24,0.00,9,326, Mon, 19/09/30, 20:58:51 
1569877275,0.00,0.00,0.00,24.54,65.78,97744.78,0.00,9,327, Mon, 19/09/30, 21:01:15 
1569877364,0.00,0.00,0.00,24.54,65.74,97749.69,0.00,9,328, Mon, 19/09/30, 21:02:44 
1569877481,0.00,0.00,0.00,24.54,65.77,97751.31,0.00,9,329, Mon, 19/09/30, 21:04:41 
1569877572,0.00,0.00,0.00,24.54,65.78,97760.25,0.00,7,330, Mon, 19/09/30, 21:06:12 
1569877754,0.00,0.00,0.00,24.54,65.79,97761.34,0.00,9,331, Mon, 19/09/30, 21:09:14 
1569877844,0.00,0.00,0.00,24.54,65.75,97761.34,0.00,9,332, Mon, 19/09/30, 21:10:44 
1569877961,0.00,0.00,0.00,24.54,65.77,97767.05,0.00,9,333, Mon, 19/09/30, 21:12:41 
1569878105,0.00,0.00,0.00,24.54,65.76,97769.47,0.00,8,334, Mon, 19/09/30, 21:15:05 
1569878258,0.00,0.00,0.00,24.54,65.77,97768.65,0.00,9,335, Mon, 19/09/30, 21:17:38 
1569878341,0.00,0.00,0.00,24.54,65.79,97767.87,0.00,9,336, Mon, 19/09/30, 21:19:01 
1569878424,0.00,0.00,0.00,24.53,65.76,97768.65,0.00,9,337, Mon, 19/09/30, 21:20:24 
1569878507,0.00,0.00,0.00,24.53,65.91,97771.36,0.00,9,338, Mon, 19/09/30, 21:21:47 
1569878590,0.00,0.00,0.00,24.54,65.75,97777.89,0.00,9,339, Mon, 19/09/30, 21:23:10 
1569878673,0.00,0.00,0.00,24.53,65.75,97780.59,0.00,9,340, Mon, 19/09/30, 21:24:33 
1569878756,0.00,0.00,0.00,24.54,65.64,97776.78,0.00,9,341, Mon, 19/09/30, 21:25:56 
1569878839,0.00,0.00,0.00,24.54,65.76,97786.01,0.00,9,342, Mon, 19/09/30, 21:27:19 
1569878922,0.00,0.00,0.00,24.53,65.75,97779.49,0.00,7,343, Mon, 19/09/30, 21:28:42 
1569879005,0.00,0.00,0.00,24.54,65.80,97784.12,0.00,9,344, Mon, 19/09/30, 21:30:05 
1569879088,0.00,0.00,0.00,24.53,65.76,97778.70,0.00,9,345, Mon, 19/09/30, 21:31:28 
1569879171,0.00,0.00,0.00,24.53,65.82,97784.12,0.00,9,346, Mon, 19/09/30, 21:32:51 
1569879254,0.00,0.00,0.00,24.53,65.77,97783.31,0.00,7,347, Mon, 19/09/30, 21:34:14 
1569879337,0.00,0.00,0.00,24.53,65.76,97784.90,0.00,9,348, Mon, 19/09/30, 21:35:37 
1569879420,0.00,0.00,0.00,24.54,65.75,97794.96,0.00,7,349, Mon, 19/09/30, 21:37:00 
1569879503,0.00,0.00,0.00,24.54,65.77,97789.55,0.00,9,350, Mon, 19/09/30, 21:38:23 
1569879586,0.00,0.00,0.00,24.54,65.81,97791.14,0.00,9,351, Mon, 19/09/30, 21:39:46 
1569879669,0.00,0.00,0.00,24.54,66.05,97802.80,0.00,9,352, Mon, 19/09/30, 21:41:09 
1569879752,0.00,0.00,0.00,24.53,65.78,97801.99,0.00,9,353, Mon, 19/09/30, 21:42:32 
1569879835,0.00,0.00,0.00,24.54,65.82,97798.45,0.00,6,354, Mon, 19/09/30, 21:43:55 
1569879918,0.00,0.00,0.00,24.54,65.95,97800.09,0.00,9,355, Mon, 19/09/30, 21:45:18 
1569880001,0.00,0.00,0.00,24.53,65.80,97810.11,0.00,9,356, Mon, 19/09/30, 21:46:41 
1569880084,0.00,0.00,0.00,24.54,65.70,97807.40,0.00,7,357, Mon, 19/09/30, 21:48:04 
1569880167,0.00,0.00,0.00,24.54,65.81,97814.71,0.00,9,358, Mon, 19/09/30, 21:49:27 
1569880250,0.00,0.00,0.00,24.54,65.65,97818.24,0.00,7,359, Mon, 19/09/30, 21:50:50 
1569880333,0.00,0.00,0.00,24.54,65.80,97819.05,0.00,9,360, Mon, 19/09/30, 21:52:13 
1569880416,0.00,0.00,0.00,24.54,65.92,97817.42,0.00,6,361, Mon, 19/09/30, 21:53:36 
1569880499,0.00,0.00,0.00,24.54,65.82,97813.62,0.00,9,362, Mon, 19/09/30, 21:54:59 
1569880582,0.00,0.00,0.00,24.54,65.82,97801.16,0.00,8,363, Mon, 19/09/30, 21:56:22 
1569880665,0.00,0.00,0.00,24.54,65.82,97803.09,0.00,8,364, Mon, 19/09/30, 21:57:45 
1569880748,0.00,0.00,0.00,24.53,65.85,97803.87,0.00,6,365, Mon, 19/09/30, 21:59:08 
1569880831,0.00,0.00,0.00,24.54,65.81,97806.57,0.00,8,366, Mon, 19/09/30, 22:00:31 
1569880914,0.00,0.00,0.00,24.54,65.89,97801.99,0.00,8,367, Mon, 19/09/30, 22:01:54 
1569880997,0.00,0.00,0.00,24.54,65.83,97805.80,0.00,6,368, Mon, 19/09/30, 22:03:17 
1569881080,0.00,0.00,0.00,24.54,65.86,97805.50,0.00,7,369, Mon, 19/09/30, 22:04:40 
1569881163,0.00,0.00,0.00,24.53,65.84,97797.67,0.00,8,370, Mon, 19/09/30, 22:06:03 
1569881246,0.00,0.00,0.00,24.54,65.71,97804.69,0.00,5,371, Mon, 19/09/30, 22:07:26 
1569881329,0.00,0.00,0.00,24.54,65.80,97809.30,0.00,8,372, Mon, 19/09/30, 22:08:49 
1569881412,0.00,0.00,0.00,24.54,65.85,97799.26,0.00,7,373, Mon, 19/09/30, 22:10:12 
1569881495,0.00,0.00,0.00,24.54,65.86,97814.44,0.00,6,374, Mon, 19/09/30, 22:11:35 
1569881578,0.00,0.00,0.00,24.54,65.84,97812.00,0.00,6,375, Mon, 19/09/30, 22:12:58 
1569881661,0.00,0.00,0.00,24.54,65.85,97817.42,0.00,6,376, Mon, 19/09/30, 22:14:21 
1569881744,0.00,0.00,0.00,24.54,65.85,97818.24,0.00,8,377, Mon, 19/09/30, 22:15:44 
1569881827,0.00,0.00,0.00,24.54,65.70,97817.42,0.00,8,378, Mon, 19/09/30, 22:17:07 
1569881910,0.00,0.00,0.00,24.54,65.88,97809.30,0.00,8,379, Mon, 19/09/30, 22:18:30 
1569881993,0.00,0.00,0.00,24.54,65.83,97812.81,0.00,8,380, Mon, 19/09/30, 22:19:53 
1569882076,0.00,0.00,0.00,24.53,65.84,97818.24,0.00,8,381, Mon, 19/09/30, 22:21:16 
1569882159,0.00,0.00,0.00,24.54,65.85,97822.84,0.00,8,382, Mon, 19/09/30, 22:22:39 
1569882243,0.00,0.00,0.00,24.54,65.89,97822.84,0.00,6,383, Mon, 19/09/30, 22:24:03 
1569882326,0.00,0.00,0.00,24.54,65.84,97819.05,0.00,8,384, Mon, 19/09/30, 22:25:26 
1569882410,0.00,0.00,0.00,24.54,65.88,97823.65,0.00,8,385, Mon, 19/09/30, 22:26:50 
1569882494,0.00,0.00,0.00,24.54,65.72,97826.36,0.00,7,386, Mon, 19/09/30, 22:28:14 
1569882578,0.00,0.00,0.00,24.54,65.84,97829.07,0.00,8,387, Mon, 19/09/30, 22:29:38 
1569882662,0.00,0.00,0.00,24.54,65.84,97831.78,0.00,6,388, Mon, 19/09/30, 22:31:02 
1569882746,0.00,0.00,0.00,24.54,65.84,97831.78,0.00,7,389, Mon, 19/09/30, 22:32:26 
1569882830,0.00,0.00,0.00,24.54,65.84,97834.19,0.00,6,390, Mon, 19/09/30, 22:33:50 
1569882914,0.00,0.00,0.00,24.54,65.77,97839.09,0.00,6,391, Mon, 19/09/30, 22:35:14 
1569882998,0.00,0.00,0.00,24.54,65.79,97836.90,0.00,8,392, Mon, 19/09/30, 22:36:38 
1569883082,0.00,0.00,0.00,24.54,65.80,97840.72,0.00,8,393, Mon, 19/09/30, 22:38:02 
1569883166,0.00,0.00,0.00,24.54,65.83,97833.67,0.00,8,394, Mon, 19/09/30, 22:39:26 
1569883250,0.00,0.00,0.00,24.54,65.79,97832.59,0.00,6,395, Mon, 19/09/30, 22:40:50 
1569883334,0.00,0.00,0.00,24.54,65.80,97836.38,0.00,8,396, Mon, 19/09/30, 22:42:14 
1569883418,0.00,0.00,0.00,24.54,65.81,97835.31,0.00,8,397, Mon, 19/09/30, 22:43:38 
1569883502,0.00,0.00,0.00,24.54,65.80,97834.49,0.00,8,398, Mon, 19/09/30, 22:45:02 
1569883586,0.00,0.00,0.00,24.54,65.84,97840.72,0.00,6,399, Mon, 19/09/30, 22:46:26 
1569883670,0.00,0.00,0.00,24.54,65.82,97840.72,0.00,8,400, Mon, 19/09/30, 22:47:50 
1569883754,0.00,0.00,0.00,24.54,65.78,97844.51,0.00,6,401, Mon, 19/09/30, 22:49:14 
1569883838,0.00,0.00,0.00,24.54,65.78,97848.04,0.00,8,402, Mon, 19/09/30, 22:50:38 
1569883922,0.00,0.00,0.00,24.54,65.77,97846.95,0.00,7,403, Mon, 19/09/30, 22:52:02 
1569884006,0.00,0.00,0.00,24.55,65.81,97845.03,0.00,8,404, Mon, 19/09/30, 22:53:26 
1569884090,0.00,0.00,0.00,24.54,65.79,97847.74,0.00,8,405, Mon, 19/09/30, 22:54:50 
1569884174,0.00,0.00,0.00,24.54,65.74,97847.74,0.00,5,406, Mon, 19/09/30, 22:56:14 
1569884258,0.00,0.00,0.00,24.54,65.79,97855.09,0.00,8,407, Mon, 19/09/30, 22:57:38 
1569884342,0.00,0.00,0.00,24.54,65.79,97856.99,0.00,8,408, Mon, 19/09/30, 22:59:02 
1569884426,0.00,0.00,0.00,24.54,65.77,97858.87,0.00,8,409, Mon, 19/09/30, 23:00:26 
1569884510,0.00,0.00,0.00,24.54,65.75,97864.00,0.00,6,410, Mon, 19/09/30, 23:01:50 
1569884594,0.00,0.00,0.00,24.54,65.75,97865.11,0.00,5,411, Mon, 19/09/30, 23:03:14 
1569884678,0.00,0.00,0.00,24.54,65.76,97865.11,0.00,8,412, Mon, 19/09/30, 23:04:38 
1569884762,0.00,0.00,0.00,24.54,65.75,97865.11,0.00,6,413, Mon, 19/09/30, 23:06:02 
1569884846,0.00,0.00,0.00,24.54,65.78,97858.87,0.00,6,414, Mon, 19/09/30, 23:07:26 
1569884930,0.00,0.00,0.00,24.55,65.77,97861.59,0.00,8,415, Mon, 19/09/30, 23:08:50 
1569885014,0.00,0.00,0.00,24.54,65.75,97856.99,0.00,5,416, Mon, 19/09/30, 23:10:14 
1569885098,0.00,0.00,0.00,24.54,65.74,97857.80,0.00,6,417, Mon, 19/09/30, 23:11:38 
1569885182,0.00,0.00,0.00,24.54,65.72,97854.27,0.00,8,418, Mon, 19/09/30, 23:13:02 
1569885266,0.00,0.00,0.00,24.54,65.76,97864.00,0.00,8,419, Mon, 19/09/30, 23:14:26 
1569885350,0.00,0.00,0.00,24.54,65.71,97863.22,0.00,8,420, Mon, 19/09/30, 23:15:50 
1569885434,0.00,0.00,0.00,24.54,65.70,97864.30,0.00,6,421, Mon, 19/09/30, 23:17:14 
1569885518,0.00,0.00,0.00,24.54,65.71,97865.92,0.00,8,422, Mon, 19/09/30, 23:18:38 
1569885602,0.00,0.00,0.00,24.54,65.72,97861.29,0.00,6,423, Mon, 19/09/30, 23:20:02 
1569885686,0.00,0.00,0.00,24.54,65.70,97868.64,0.00,8,424, Mon, 19/09/30, 23:21:26 
1569885770,0.00,0.00,0.00,24.54,65.70,97875.95,0.00,6,425, Mon, 19/09/30, 23:22:50 
1569885854,0.00,0.00,0.00,24.54,65.70,97878.65,0.00,8,426, Mon, 19/09/30, 23:24:14 
1569885938,0.00,0.00,0.00,24.54,65.75,97877.55,0.00,6,427, Mon, 19/09/30, 23:25:38 
1569886022,0.00,0.00,0.00,24.54,65.67,97881.37,0.00,7,428, Mon, 19/09/30, 23:27:02 
1569886106,0.00,0.00,0.00,24.54,65.63,97881.37,0.00,6,429, Mon, 19/09/30, 23:28:26 
1569886190,0.00,0.00,0.00,24.56,65.69,97884.07,0.00,7,430, Mon, 19/09/30, 23:29:50 
1569886274,0.00,0.00,0.00,24.54,65.67,97886.78,0.00,6,431, Mon, 19/09/30, 23:31:14 
1569886358,0.00,0.00,0.00,24.54,65.68,97887.07,0.00,5,432, Mon, 19/09/30, 23:32:38 
1569886442,0.00,0.00,0.00,24.54,65.63,97891.39,0.00,7,433, Mon, 19/09/30, 23:34:02 
1569886526,0.00,0.00,0.00,24.53,65.65,97888.39,0.00,7,434, Mon, 19/09/30, 23:35:26 
1569886610,0.00,0.00,0.00,24.54,65.64,97889.50,0.00,7,435, Mon, 19/09/30, 23:36:50 
1569886703,0.00,0.00,0.00,24.54,65.66,97885.97,0.00,7,436, Mon, 19/09/30, 23:38:23 
1569886794,0.00,0.00,0.00,24.54,65.63,97879.74,0.00,7,437, Mon, 19/09/30, 23:39:54 
1569886956,0.00,0.00,0.00,24.54,65.64,97877.84,0.00,7,438, Mon, 19/09/30, 23:42:36 
1569887102,0.00,0.00,0.00,24.54,65.68,97884.07,0.00,5,439, Mon, 19/09/30, 23:45:02 
1569887194,0.00,0.00,0.00,24.54,65.66,97871.61,0.00,7,440, Mon, 19/09/30, 23:46:34 
1569887340,0.00,0.00,0.00,24.54,65.63,97878.65,0.00,7,441, Mon, 19/09/30, 23:49:00 
1569887431,0.00,0.00,0.00,24.54,65.63,97878.65,0.00,7,442, Mon, 19/09/30, 23:50:31 
1569887596,0.00,0.00,0.00,24.55,65.71,97884.89,0.00,7,443, Mon, 19/09/30, 23:53:16 
1569887742,0.00,0.00,0.00,24.54,65.70,97888.68,0.00,6,444, Mon, 19/09/30, 23:55:42 
1569887835,0.00,0.00,0.00,24.54,65.66,97886.78,0.00,7,445, Mon, 19/09/30, 23:57:15 
1569887928,0.00,0.00,0.00,24.54,65.67,97878.65,0.00,7,446, Mon, 19/09/30, 23:58:48 
1569888040,0.00,0.00,0.00,24.55,65.69,97885.67,0.00,7,447, Tue, 19/10/01, 00:00:40 
1569888125,0.00,0.00,0.00,24.54,65.67,97881.37,0.00,5,448, Tue, 19/10/01, 00:02:05 
1569888210,0.00,0.00,0.00,24.54,65.70,97883.26,0.00,6,449, Tue, 19/10/01, 00:03:30 
1569888295,0.00,0.00,0.00,24.54,65.72,97882.19,0.00,5,450, Tue, 19/10/01, 00:04:55 
1569888380,0.00,0.00,0.00,24.55,65.70,97882.45,0.00,5,451, Tue, 19/10/01, 00:06:20 
1569888465,0.00,0.00,0.00,24.55,65.84,97880.25,0.00,7,452, Tue, 19/10/01, 00:07:45 
1569888550,0.00,0.00,0.00,24.55,65.72,97891.09,0.00,5,453, Tue, 19/10/01, 00:09:10 
1569888635,0.00,0.00,0.00,24.55,65.78,97889.50,0.00,6,454, Tue, 19/10/01, 00:10:35 
1569888720,0.00,0.00,0.00,24.55,65.79,97893.80,0.00,5,455, Tue, 19/10/01, 00:12:00 
1569888805,0.00,0.00,0.00,24.55,65.80,97891.09,0.00,5,456, Tue, 19/10/01, 00:13:25 
1569888890,0.00,0.00,0.00,24.55,65.77,97891.09,0.00,5,457, Tue, 19/10/01, 00:14:50 
1569888975,0.00,0.00,0.00,24.55,65.68,97901.94,0.00,7,458, Tue, 19/10/01, 00:16:15 
1569889060,0.00,0.00,0.00,24.55,65.65,97903.56,0.00,7,459, Tue, 19/10/01, 00:17:40 
1569889145,0.00,0.00,0.00,24.55,65.85,97902.75,0.00,7,460, Tue, 19/10/01, 00:19:05 
1569889230,0.00,0.00,0.00,24.56,65.84,97900.05,0.00,5,461, Tue, 19/10/01, 00:20:30 
1569889315,0.00,0.00,0.00,24.55,65.81,97902.75,0.00,7,462, Tue, 19/10/01, 00:21:55 
1569889400,0.00,0.00,0.00,24.56,65.85,97910.87,0.00,7,463, Tue, 19/10/01, 00:23:20 
1569889485,0.00,0.00,0.00,24.55,65.91,97906.27,0.00,3,464, Tue, 19/10/01, 00:24:45 
1569889570,0.00,0.00,0.00,24.55,65.82,97908.99,0.00,7,465, Tue, 19/10/01, 00:26:10 
1569889655,0.00,0.00,0.00,24.56,65.84,97898.15,0.00,7,466, Tue, 19/10/01, 00:27:35 
1569889740,0.00,0.00,0.00,24.55,65.88,97895.44,0.00,7,467, Tue, 19/10/01, 00:29:00 
1569889825,0.00,0.00,0.00,24.56,65.90,97908.17,0.00,5,468, Tue, 19/10/01, 00:30:25 
1569889910,0.00,0.00,0.00,24.56,65.88,97902.75,0.00,5,469, Tue, 19/10/01, 00:31:50 
1569889995,0.00,0.00,0.00,24.56,65.93,97903.56,0.00,5,470, Tue, 19/10/01, 00:33:15 
1569890080,0.00,0.00,0.00,24.56,65.88,97900.86,0.00,6,471, Tue, 19/10/01, 00:34:40 
1569890165,0.00,0.00,0.00,24.56,66.02,97903.56,0.00,5,472, Tue, 19/10/01, 00:36:05 
1569890250,0.00,0.00,0.00,24.56,65.93,97903.56,0.00,7,473, Tue, 19/10/01, 00:37:30 
1569890335,0.00,0.00,0.00,24.56,65.92,97910.59,0.00,7,474, Tue, 19/10/01, 00:38:55 
1569890420,0.00,0.00,0.00,24.56,65.97,97909.80,0.00,7,475, Tue, 19/10/01, 00:40:20 
1569890505,0.00,0.00,0.00,24.56,65.95,97905.16,0.00,6,476, Tue, 19/10/01, 00:41:45 
1569890590,0.00,0.00,0.00,24.56,65.74,97907.87,0.00,7,477, Tue, 19/10/01, 00:43:10 
1569890675,0.00,0.00,0.00,24.56,65.99,97916.00,0.00,7,478, Tue, 19/10/01, 00:44:35 
1569890760,0.00,0.00,0.00,24.57,66.03,97916.82,0.00,7,479, Tue, 19/10/01, 00:46:00 
1569890845,0.00,0.00,0.00,24.57,66.09,97924.13,0.00,7,480, Tue, 19/10/01, 00:47:25 
1569890930,0.00,0.00,0.00,24.57,66.01,97925.76,0.00,5,481, Tue, 19/10/01, 00:48:50 
1569891015,0.00,0.00,0.00,24.57,66.04,97922.24,0.00,7,482, Tue, 19/10/01, 00:50:15 
1569891100,0.00,0.00,0.00,24.59,65.88,97924.95,0.00,7,483, Tue, 19/10/01, 00:51:40 
1569891185,0.00,0.00,0.00,24.57,66.09,97923.05,0.00,7,484, Tue, 19/10/01, 00:53:05 
1569891270,0.00,0.00,0.00,24.59,66.12,97924.65,0.00,7,485, Tue, 19/10/01, 00:54:30 
1569891355,0.00,0.00,0.00,24.59,65.97,97924.65,0.00,5,486, Tue, 19/10/01, 00:55:55 
1569891440,0.00,0.00,0.00,24.57,66.15,97918.45,0.00,7,487, Tue, 19/10/01, 00:57:20 
1569891525,0.00,0.00,0.00,24.59,66.13,97927.36,0.00,7,488, Tue, 19/10/01, 00:58:45 
1569891610,0.00,0.00,0.00,24.59,66.04,97925.76,0.00,7,489, Tue, 19/10/01, 01:00:10 
1569891695,0.00,0.00,0.00,24.59,66.16,97940.12,0.00,5,490, Tue, 19/10/01, 01:01:35 
1569891780,0.00,0.00,0.00,24.59,66.16,97933.89,0.00,3,491, Tue, 19/10/01, 01:03:00 
1569891865,0.00,0.00,0.00,24.59,66.15,97936.31,0.00,5,492, Tue, 19/10/01, 01:04:25 
1569891950,0.00,0.00,0.00,24.59,66.19,97941.72,0.00,4,493, Tue, 19/10/01, 01:05:50 
1569892035,0.00,0.00,0.00,24.60,66.22,97930.89,0.00,5,494, Tue, 19/10/01, 01:07:15 
1569892120,0.00,0.00,0.00,24.60,66.20,97939.84,0.00,5,495, Tue, 19/10/01, 01:08:40 
1569892205,0.00,0.00,0.00,24.60,66.19,97934.41,0.00,5,496, Tue, 19/10/01, 01:10:05 
1569892290,0.00,0.00,0.00,24.59,66.25,97942.55,0.00,7,497, Tue, 19/10/01, 01:11:30 
1569892375,0.00,0.00,0.00,24.60,66.24,97933.60,0.00,5,498, Tue, 19/10/01, 01:12:55 
1569892460,0.00,0.00,0.00,24.60,66.27,97944.44,0.00,7,499, Tue, 19/10/01, 01:14:20 
1569892545,0.00,0.00,0.00,24.60,66.30,97947.15,0.00,5,500, Tue, 19/10/01, 01:15:45 
1569892630,0.00,0.00,0.00,24.61,66.16,97942.55,0.00,7,501, Tue, 19/10/01, 01:17:10 
1569892715,0.00,0.00,0.00,24.61,66.29,97945.25,0.00,7,502, Tue, 19/10/01, 01:18:35 
1569892800,0.00,0.00,0.00,24.61,66.27,97947.15,0.00,5,503, Tue, 19/10/01, 01:20:00 
1569892885,0.00,0.00,0.00,24.60,66.32,97941.72,0.00,7,504, Tue, 19/10/01, 01:21:25 
1569892970,0.00,0.00,0.00,24.61,66.35,97942.55,0.00,7,505, Tue, 19/10/01, 01:22:50 
1569893055,0.00,0.00,0.00,24.62,66.35,97950.67,0.00,7,506, Tue, 19/10/01, 01:24:15 
1569893140,0.00,0.00,0.00,24.61,66.39,97949.56,0.00,7,507, Tue, 19/10/01, 01:25:40 
1569893225,0.00,0.00,0.00,24.61,66.42,97945.25,0.00,4,508, Tue, 19/10/01, 01:27:05 
1569893310,0.00,0.00,0.00,24.61,66.45,97945.25,0.00,5,509, Tue, 19/10/01, 01:28:30 
1569893396,0.00,0.00,0.00,24.61,66.52,97948.78,0.00,5,510, Tue, 19/10/01, 01:29:56 
1569893482,0.00,0.00,0.00,24.61,66.54,97947.97,0.00,6,511, Tue, 19/10/01, 01:31:22 
1569893568,0.00,0.00,0.00,24.61,66.52,97954.20,0.00,4,512, Tue, 19/10/01, 01:32:48 
1569893654,0.00,0.00,0.00,24.62,66.60,97953.38,0.00,6,513, Tue, 19/10/01, 01:34:14 
1569893740,0.00,0.00,0.00,24.62,66.55,97960.40,0.00,5,514, Tue, 19/10/01, 01:35:40 
1569893826,0.00,0.00,0.00,24.62,66.64,97954.99,0.00,5,515, Tue, 19/10/01, 01:37:06 
1569893912,0.00,0.00,0.00,24.61,66.79,97957.69,0.00,4,516, Tue, 19/10/01, 01:38:32 
1569893998,0.00,0.00,0.00,24.61,66.64,97959.62,0.00,5,517, Tue, 19/10/01, 01:39:58 
1569894084,0.00,0.00,0.00,24.61,66.64,97950.67,0.00,6,518, Tue, 19/10/01, 01:41:24 
1569894170,0.00,0.00,0.00,24.61,66.65,97959.62,0.00,5,519, Tue, 19/10/01, 01:42:50 
1569894256,0.00,0.00,0.00,24.62,66.67,97959.62,0.00,5,520, Tue, 19/10/01, 01:44:16 
1569894342,0.00,0.00,0.00,24.62,66.67,97954.99,0.00,5,521, Tue, 19/10/01, 01:45:42 
1569894428,0.00,0.00,0.00,24.61,66.61,97950.37,0.00,6,522, Tue, 19/10/01, 01:47:08 
1569894514,0.00,0.00,0.00,24.62,66.72,97946.86,0.00,5,523, Tue, 19/10/01, 01:48:34 
1569894600,0.00,0.00,0.00,24.62,66.70,97949.56,0.00,5,524, Tue, 19/10/01, 01:50:00 
1569894686,0.00,0.00,0.00,24.62,66.77,97950.37,0.00,5,525, Tue, 19/10/01, 01:51:26 
1569894772,0.00,0.00,0.00,24.62,66.74,97946.86,0.00,6,526, Tue, 19/10/01, 01:52:52 
1569894858,0.00,0.00,0.00,24.62,66.72,97946.86,0.00,6,527, Tue, 19/10/01, 01:54:18 
1569894944,0.00,0.00,0.00,24.62,66.71,97939.55,0.00,6,528, Tue, 19/10/01, 01:55:44 
1569895030,0.00,0.00,0.00,24.62,66.76,97936.01,0.00,3,529, Tue, 19/10/01, 01:57:10 
1569895116,0.00,0.00,0.00,24.61,66.83,97947.67,0.00,5,530, Tue, 19/10/01, 01:58:36 
1569895202,0.00,0.00,0.00,24.62,66.78,97951.49,0.00,5,531, Tue, 19/10/01, 02:00:02 
1569895288,0.00,0.00,0.00,24.62,66.84,97955.80,0.00,5,532, Tue, 19/10/01, 02:01:28 
1569895374,0.00,0.00,0.00,24.62,66.76,97955.80,0.00,5,533, Tue, 19/10/01, 02:02:54 
1569895460,0.00,0.00,0.00,24.62,66.80,97960.40,0.00,6,534, Tue, 19/10/01, 02:04:20 
1569895546,0.00,0.00,0.00,24.62,66.81,97960.40,0.00,6,535, Tue, 19/10/01, 02:05:46 
1569895632,0.00,0.00,0.00,24.62,66.79,97959.32,0.00,6,536, Tue, 19/10/01, 02:07:12 
1569895718,0.00,0.00,0.00,24.62,66.77,97965.82,0.00,5,537, Tue, 19/10/01, 02:08:38 
1569895804,0.00,0.00,0.00,24.62,66.79,97966.64,0.00,6,538, Tue, 19/10/01, 02:10:04 
1569895890,0.00,0.00,0.00,24.62,66.76,97964.75,0.00,4,539, Tue, 19/10/01, 02:11:30 
1569895976,0.00,0.00,0.00,24.62,66.80,97964.75,0.00,6,540, Tue, 19/10/01, 02:12:56 
1569896062,0.00,0.00,0.00,24.62,66.83,97960.40,0.00,5,541, Tue, 19/10/01, 02:14:22 
1569896148,0.00,0.00,0.00,24.62,66.84,97953.90,0.00,6,542, Tue, 19/10/01, 02:15:48 
1569896234,0.00,0.00,0.00,24.61,66.83,97955.80,0.00,5,543, Tue, 19/10/01, 02:17:14 
1569896320,0.00,0.00,0.00,24.61,66.85,97949.56,0.00,6,544, Tue, 19/10/01, 02:18:40 
1569896406,0.00,0.00,0.00,24.62,66.89,97950.37,0.00,4,545, Tue, 19/10/01, 02:20:06 
1569896492,0.00,0.00,0.00,24.61,66.86,97957.69,0.00,6,546, Tue, 19/10/01, 02:21:32 
1569896578,0.00,0.00,0.00,24.62,66.89,97956.90,0.00,4,547, Tue, 19/10/01, 02:22:58 
1569896757,0.00,0.00,0.00,24.62,66.89,97956.62,0.00,6,548, Tue, 19/10/01, 02:25:57 
1569896929,0.00,0.00,0.00,24.62,66.92,97964.75,0.00,6,549, Tue, 19/10/01, 02:28:49 
1569897075,0.00,0.00,0.00,24.62,66.89,97965.82,0.00,6,550, Tue, 19/10/01, 02:31:15 
1569897222,0.00,0.00,0.00,24.61,66.88,97960.40,0.00,5,551, Tue, 19/10/01, 02:33:42 
1569897389,0.00,0.00,0.00,24.62,66.89,97963.93,0.00,6,552, Tue, 19/10/01, 02:36:29 
1569897475,0.00,0.00,0.00,24.62,66.77,97966.64,0.00,3,553, Tue, 19/10/01, 02:37:55 
1569897561,0.00,0.00,0.00,24.62,66.93,97954.99,0.00,6,554, Tue, 19/10/01, 02:39:21 
1569897647,0.00,0.00,0.00,24.61,66.91,97962.32,0.00,6,555, Tue, 19/10/01, 02:40:47 
1569897733,0.00,0.00,0.00,24.61,66.91,97957.69,0.00,5,556, Tue, 19/10/01, 02:42:13 
1569897819,0.00,0.00,0.00,24.61,66.93,97962.32,0.00,5,557, Tue, 19/10/01, 02:43:39 
1569897905,0.00,0.00,0.00,24.61,66.93,97961.22,0.00,6,558, Tue, 19/10/01, 02:45:05 
1569897991,0.00,0.00,0.00,24.62,66.93,97954.99,0.00,4,559, Tue, 19/10/01, 02:46:31 
1569898077,0.00,0.00,0.00,24.62,66.94,97948.78,0.00,6,560, Tue, 19/10/01, 02:47:57 
1569898163,0.00,0.00,0.00,24.62,66.94,97949.56,0.00,6,561, Tue, 19/10/01, 02:49:23 
1569898249,0.00,0.00,0.00,24.61,66.96,97940.65,0.00,3,562, Tue, 19/10/01, 02:50:49 
1569898335,0.00,0.00,0.00,24.61,66.96,97937.94,0.00,4,563, Tue, 19/10/01, 02:52:15 
1569898421,0.00,0.00,0.00,24.61,66.97,97931.70,0.00,5,564, Tue, 19/10/01, 02:53:41 
1569898507,0.00,0.00,0.00,24.61,66.99,97929.00,0.00,5,565, Tue, 19/10/01, 02:55:07 
1569898593,0.00,0.00,0.00,24.62,67.01,97921.69,0.00,6,566, Tue, 19/10/01, 02:56:33 
1569898679,0.00,0.00,0.00,24.61,67.00,97920.86,0.00,5,567, Tue, 19/10/01, 02:57:59 
1569898765,0.00,0.00,0.00,24.62,67.05,97920.86,0.00,4,568, Tue, 19/10/01, 02:59:25 
1569898851,0.00,0.00,0.00,24.61,67.06,97916.26,0.00,6,569, Tue, 19/10/01, 03:00:51 
1569898937,0.00,0.00,0.00,24.61,67.01,97913.55,0.00,4,570, Tue, 19/10/01, 03:02:17 
1569899024,0.00,0.00,0.00,24.61,67.13,97912.74,0.00,5,571, Tue, 19/10/01, 03:03:44 
1569899111,0.00,0.00,0.00,24.61,67.04,97910.84,0.00,5,572, Tue, 19/10/01, 03:05:11 
1569899198,0.00,0.00,0.00,24.61,67.28,97916.26,0.00,4,573, Tue, 19/10/01, 03:06:38 
1569899285,0.00,0.00,0.00,24.61,67.05,97918.97,0.00,4,574, Tue, 19/10/01, 03:08:05 
1569899372,0.00,0.00,0.00,24.61,67.14,97912.74,0.00,5,575, Tue, 19/10/01, 03:09:32 
1569899459,0.00,0.00,0.00,24.61,67.06,97915.44,0.00,6,576, Tue, 19/10/01, 03:10:59 
1569899546,0.00,0.00,0.00,24.60,67.06,97905.42,0.00,4,577, Tue, 19/10/01, 03:12:26 
1569899633,0.00,0.00,0.00,24.60,67.24,97903.80,0.00,4,578, Tue, 19/10/01, 03:13:53 
1569899720,0.00,0.00,0.00,24.61,67.08,97903.80,0.00,4,579, Tue, 19/10/01, 03:15:20 
1569899807,0.00,0.00,0.00,24.61,66.95,97904.61,0.00,5,580, Tue, 19/10/01, 03:16:47 
1569899894,0.00,0.00,0.00,24.61,67.12,97905.42,0.00,6,581, Tue, 19/10/01, 03:18:14 
1569899981,0.00,0.00,0.00,24.61,67.14,97902.72,0.00,4,582, Tue, 19/10/01, 03:19:41 
1569900068,0.00,0.00,0.00,24.61,67.14,97908.91,0.00,4,583, Tue, 19/10/01, 03:21:08 
1569900155,0.00,0.00,0.00,24.61,67.15,97905.42,0.00,5,584, Tue, 19/10/01, 03:22:35 
1569900242,0.00,0.00,0.00,24.61,67.16,97906.20,0.00,4,585, Tue, 19/10/01, 03:24:02 
1569900329,0.00,0.00,0.00,24.61,67.28,97906.20,0.00,4,586, Tue, 19/10/01, 03:25:29 
1569900416,0.00,0.00,0.00,24.61,67.22,97900.79,0.00,4,587, Tue, 19/10/01, 03:26:56 
1569900503,0.00,0.00,0.00,24.61,67.22,97898.07,0.00,6,588, Tue, 19/10/01, 03:28:23 
1569900590,0.00,0.00,0.00,24.61,67.30,97900.79,0.00,6,589, Tue, 19/10/01, 03:29:50 
1569900677,0.00,0.00,0.00,24.62,67.29,97900.79,0.00,4,590, Tue, 19/10/01, 03:31:17 
1569900764,0.00,0.00,0.00,24.60,67.48,97892.95,0.00,4,591, Tue, 19/10/01, 03:32:44 
1569900851,0.00,0.00,0.00,24.62,67.23,97891.06,0.00,6,592, Tue, 19/10/01, 03:34:11 
1569900938,0.00,0.00,0.00,24.61,67.45,97892.65,0.00,4,593, Tue, 19/10/01, 03:35:38 
1569901025,0.00,0.00,0.00,24.61,67.51,97896.19,0.00,3,594, Tue, 19/10/01, 03:37:05 
1569901112,0.00,0.00,0.00,24.61,67.52,97889.94,0.00,4,595, Tue, 19/10/01, 03:38:32 
1569901199,0.00,0.00,0.00,24.62,67.53,97889.94,0.00,6,596, Tue, 19/10/01, 03:39:59 
1569901286,0.00,0.00,0.00,24.61,67.50,97883.74,0.00,3,597, Tue, 19/10/01, 03:41:26 
1569901373,0.00,0.00,0.00,24.62,67.53,97888.05,0.00,4,598, Tue, 19/10/01, 03:42:53 
1569901460,0.00,0.00,0.00,24.61,67.43,97890.76,0.00,6,599, Tue, 19/10/01, 03:44:20 
1569901547,0.00,0.00,0.00,24.62,67.60,97883.74,0.00,4,600, Tue, 19/10/01, 03:45:47 
1569901634,0.00,0.00,0.00,24.61,67.61,97876.40,0.00,4,601, Tue, 19/10/01, 03:47:14 
1569901721,0.00,0.00,0.00,24.62,67.62,97888.34,0.00,6,602, Tue, 19/10/01, 03:48:41 
1569901808,0.00,0.00,0.00,24.62,67.68,97884.53,0.00,6,603, Tue, 19/10/01, 03:50:08 
1569901895,0.00,0.00,0.00,24.62,67.61,97890.76,0.00,6,604, Tue, 19/10/01, 03:51:35 
1569901982,0.00,0.00,0.00,24.62,67.57,97892.65,0.00,6,605, Tue, 19/10/01, 03:53:02 
1569902069,0.00,0.00,0.00,24.62,67.46,97894.57,0.00,6,606, Tue, 19/10/01, 03:54:29 
1569902156,0.00,0.00,0.00,24.62,67.58,97894.57,0.00,4,607, Tue, 19/10/01, 03:55:56 
1569902243,0.00,0.00,0.00,24.61,67.61,97881.82,0.00,4,608, Tue, 19/10/01, 03:57:23 
1569902330,0.00,0.00,0.00,24.61,67.62,97881.03,0.00,4,609, Tue, 19/10/01, 03:58:50 
1569902417,0.00,0.00,0.00,24.61,67.64,97867.49,0.00,6,610, Tue, 19/10/01, 04:00:17 
1569902504,0.00,0.00,0.00,24.61,67.65,97876.40,0.00,4,611, Tue, 19/10/01, 04:01:44 
1569902591,0.00,0.00,0.00,24.61,67.64,97870.99,0.00,4,612, Tue, 19/10/01, 04:03:11 
1569902678,0.00,0.00,0.00,24.62,67.66,97880.22,0.00,6,613, Tue, 19/10/01, 04:04:38 
1569902765,0.00,0.00,0.00,24.61,67.65,97881.03,0.00,4,614, Tue, 19/10/01, 04:06:05 
1569902852,0.00,0.00,0.00,24.62,67.48,97875.61,0.00,4,615, Tue, 19/10/01, 04:07:32 
1569902939,0.00,0.00,0.00,24.62,67.65,97879.11,0.00,2,616, Tue, 19/10/01, 04:08:59 
1569903026,0.00,0.00,0.00,24.62,67.65,97874.80,0.00,4,617, Tue, 19/10/01, 04:10:26 
1569903113,0.00,0.00,0.00,24.62,67.64,97883.74,0.00,4,618, Tue, 19/10/01, 04:11:53 
1569903200,0.00,0.00,0.00,24.62,67.64,97878.03,0.00,4,619, Tue, 19/10/01, 04:13:20 
1569903287,0.00,0.00,0.00,24.61,67.66,97885.34,0.00,4,620, Tue, 19/10/01, 04:14:47 
1569903374,0.00,0.00,0.00,24.62,67.64,97885.34,0.00,4,621, Tue, 19/10/01, 04:16:14 
1569903461,0.00,0.00,0.00,24.62,67.64,97881.03,0.00,4,622, Tue, 19/10/01, 04:17:41 
1569903548,0.00,0.00,0.00,24.61,67.63,97872.90,0.00,5,623, Tue, 19/10/01, 04:19:08 
1569903635,0.00,0.00,0.00,24.61,67.63,97879.11,0.00,5,624, Tue, 19/10/01, 04:20:35 
1569903722,0.00,0.00,0.00,24.62,67.62,97884.53,0.00,4,625, Tue, 19/10/01, 04:22:02 
1569903809,0.00,0.00,0.00,24.61,67.63,97887.24,0.00,4,626, Tue, 19/10/01, 04:23:29 
1569903896,0.00,0.00,0.00,24.62,67.40,97891.06,0.00,5,627, Tue, 19/10/01, 04:24:56 
1569903983,0.00,0.00,0.00,24.60,67.61,97889.16,0.00,5,628, Tue, 19/10/01, 04:26:23 
1569904070,0.00,0.00,0.00,24.60,67.61,97889.16,0.00,5,629, Tue, 19/10/01, 04:27:50 
1569904157,0.00,0.00,0.00,24.61,67.62,97882.11,0.00,5,630, Tue, 19/10/01, 04:29:17 
1569904244,0.00,0.00,0.00,24.61,67.61,97882.93,0.00,4,631, Tue, 19/10/01, 04:30:44 
1569904331,0.00,0.00,0.00,24.61,67.62,97872.90,0.00,4,632, Tue, 19/10/01, 04:32:11 
1569904419,0.00,0.00,0.00,24.61,67.65,97880.51,0.00,4,633, Tue, 19/10/01, 04:33:39 
1569904507,0.00,0.00,0.00,24.61,67.66,97880.22,0.00,4,634, Tue, 19/10/01, 04:35:07 
1569904595,0.00,0.00,0.00,24.60,67.64,97880.22,0.00,5,635, Tue, 19/10/01, 04:36:35 
1569904683,0.00,0.00,0.00,24.61,67.64,97881.03,0.00,4,636, Tue, 19/10/01, 04:38:03 
1569904771,0.00,0.00,0.00,24.60,67.63,97874.80,0.00,4,637, Tue, 19/10/01, 04:39:31 
1569904859,0.00,0.00,0.00,24.60,67.64,97879.40,0.00,4,638, Tue, 19/10/01, 04:40:59 
1569904947,0.00,0.00,0.00,24.60,67.68,97880.22,0.00,2,639, Tue, 19/10/01, 04:42:27 
1569905035,0.00,0.00,0.00,24.61,67.67,97875.87,0.00,2,640, Tue, 19/10/01, 04:43:55 
1569905123,0.00,0.00,0.00,24.60,67.63,97870.45,0.00,4,641, Tue, 19/10/01, 04:45:23 
1569905211,0.00,0.00,0.00,24.60,67.65,97877.50,0.00,3,642, Tue, 19/10/01, 04:46:51 
1569905299,0.00,0.00,0.00,24.60,67.64,97878.59,0.00,4,643, Tue, 19/10/01, 04:48:19 
1569905387,0.00,0.00,0.00,24.60,67.66,97868.56,0.00,5,644, Tue, 19/10/01, 04:49:47 
1569905475,0.00,0.00,0.00,24.61,67.65,97867.75,0.00,3,645, Tue, 19/10/01, 04:51:15 
1569905563,0.00,0.00,0.00,24.60,67.68,97865.04,0.00,3,646, Tue, 19/10/01, 04:52:43 
1569905651,0.00,0.00,0.00,24.60,67.68,97862.32,0.00,4,647, Tue, 19/10/01, 04:54:11 
1569905739,0.00,0.00,0.00,24.59,67.69,97859.62,0.00,5,648, Tue, 19/10/01, 04:55:39 
1569905827,0.00,0.00,0.00,24.59,67.70,97856.12,0.00,3,649, Tue, 19/10/01, 04:57:07 
1569905915,0.00,0.00,0.00,24.59,67.71,97858.55,0.00,3,650, Tue, 19/10/01, 04:58:35 
1569906003,0.00,0.00,0.00,24.59,67.59,97858.01,0.00,4,651, Tue, 19/10/01, 05:00:03 
1569906091,0.00,0.00,0.00,24.59,67.78,97873.17,0.00,4,652, Tue, 19/10/01, 05:01:31 
1569906240,0.00,0.00,0.00,24.59,67.80,97872.39,0.00,4,653, Tue, 19/10/01, 05:04:00 
