,Timestamp,S_M_10cm,S_M_45cm,S_M_80cm,Temperature,Humidity,Pressure,Luxes,Battery,Readings,Day,Date,Time
0,1569849944,0.0,0.0,0.0,21.01,66.55,98026.24,608.0,15,0, Mon, 19/09/30, 13:25:44 
1,1569850022,0.0,0.0,0.0,21.06,66.43,98027.92,617.0,15,1, Mon, 19/09/30, 13:27:02 
2,1569850100,0.0,0.0,0.0,21.12,66.62,98025.24,636.0,15,2, Mon, 19/09/30, 13:28:20 
3,1569850178,0.0,0.0,0.0,21.19,66.58,98009.65,642.0,16,3, Mon, 19/09/30, 13:29:38 
4,1569850256,0.0,0.0,0.0,21.25,66.94,98003.22,646.0,16,4, Mon, 19/09/30, 13:30:56 
5,1569850334,0.0,0.0,0.0,21.3,66.96,98003.25,615.0,12,5, Mon, 19/09/30, 13:32:14 
6,1569850412,0.0,0.0,0.0,21.37,66.82,97988.72,612.0,16,6, Mon, 19/09/30, 13:33:32 
7,1569850490,0.0,0.0,0.0,21.4,66.93,97992.51,608.0,16,7, Mon, 19/09/30, 13:34:50 
8,1569850568,0.0,0.0,0.0,21.45,66.94,97981.74,571.0,16,8, Mon, 19/09/30, 13:36:08 
9,1569850646,0.0,0.0,0.0,21.5,66.64,97979.06,556.0,16,9, Mon, 19/09/30, 13:37:26 
10,1569850724,0.0,0.0,0.0,21.54,67.58,97975.57,550.0,16,10, Mon, 19/09/30, 13:38:44 
11,1569850802,0.0,0.0,0.0,21.62,67.58,97969.12,538.0,16,11, Mon, 19/09/30, 13:40:02 
12,1569850880,0.0,0.0,0.0,21.65,67.5,97961.03,556.0,16,12, Mon, 19/09/30, 13:41:20 
13,1569850958,0.0,0.0,0.0,21.7,67.52,97961.32,564.0,17,13, Mon, 19/09/30, 13:42:38 
14,1569851036,0.0,0.0,0.0,21.72,67.48,97956.2,558.0,17,14, Mon, 19/09/30, 13:43:56 
15,1569851114,0.0,0.0,0.0,21.77,67.48,97961.87,532.0,17,15, Mon, 19/09/30, 13:45:14 
16,1569851192,0.0,0.0,0.0,21.8,67.6,97952.15,536.0,17,16, Mon, 19/09/30, 13:46:32 
17,1569851270,0.0,0.0,0.0,21.81,67.74,97946.28,549.0,17,17, Mon, 19/09/30, 13:47:50 
18,1569851348,0.0,0.0,0.0,21.87,67.52,97940.32,544.0,17,18, Mon, 19/09/30, 13:49:08 
19,1569851426,0.0,0.0,0.0,21.9,67.48,97940.34,542.0,17,19, Mon, 19/09/30, 13:50:26 
20,1569851504,0.0,0.0,0.0,21.94,67.48,97931.7,544.0,17,20, Mon, 19/09/30, 13:51:44 
21,1569851582,0.0,0.0,0.0,21.98,67.5,97923.9,552.0,17,21, Mon, 19/09/30, 13:53:02 
22,1569851660,0.0,0.0,0.0,22.03,67.49,97916.89,549.0,18,22, Mon, 19/09/30, 13:54:20 
23,1569851738,0.0,0.0,0.0,22.04,67.54,97916.32,540.0,18,23, Mon, 19/09/30, 13:55:38 
24,1569851816,0.0,0.0,0.0,22.09,67.48,97905.8,524.0,18,24, Mon, 19/09/30, 13:56:56 
25,1569851894,0.0,0.0,0.0,22.12,67.45,97907.97,526.0,18,25, Mon, 19/09/30, 13:58:14 
26,1569851972,0.0,0.0,0.0,22.15,67.62,97902.01,520.0,18,26, Mon, 19/09/30, 13:59:32 
27,1569852050,0.0,0.0,0.0,22.19,67.48,97911.22,527.0,18,27, Mon, 19/09/30, 14:00:50 
28,1569852128,0.0,0.0,0.0,22.22,67.48,97907.14,560.0,18,28, Mon, 19/09/30, 14:02:08 
29,1569852206,0.0,0.0,0.0,22.25,67.45,97912.82,581.0,18,29, Mon, 19/09/30, 14:03:26 
30,1569852285,0.0,0.0,0.0,22.3,67.52,97913.9,546.0,18,30, Mon, 19/09/30, 14:04:45 
31,1569852364,0.0,0.0,0.0,22.34,67.54,97913.89,567.0,18,31, Mon, 19/09/30, 14:06:04 
32,1569852443,0.0,0.0,0.0,22.37,67.33,97915.24,590.0,18,32, Mon, 19/09/30, 14:07:23 
33,1569852522,0.0,0.0,0.0,22.4,67.57,97915.5,573.0,18,33, Mon, 19/09/30, 14:08:42 
34,1569852601,0.0,0.0,0.0,22.45,67.52,97913.87,566.0,18,34, Mon, 19/09/30, 14:10:01 
35,1569852680,0.0,0.0,0.0,22.5,67.45,97921.99,577.0,18,35, Mon, 19/09/30, 14:11:20 
36,1569852759,0.0,0.0,0.0,22.52,67.43,97921.42,553.0,18,36, Mon, 19/09/30, 14:12:39 
37,1569852838,0.0,0.0,0.0,22.56,67.43,97926.82,511.0,19,37, Mon, 19/09/30, 14:13:58 
38,1569852917,0.0,0.0,0.0,22.59,67.41,97928.22,497.0,12,38, Mon, 19/09/30, 14:15:17 
39,1569852996,0.0,0.0,0.0,22.62,67.39,97927.65,497.0,14,39, Mon, 19/09/30, 14:16:36 
40,1569853075,0.0,0.0,0.0,22.64,67.35,97926.3,503.0,14,40, Mon, 19/09/30, 14:17:55 
41,1569853154,0.0,0.0,0.0,22.69,67.3,97912.26,519.0,19,41, Mon, 19/09/30, 14:19:14 
42,1569853233,0.0,0.0,0.0,22.7,67.22,97909.0,536.0,19,42, Mon, 19/09/30, 14:20:33 
43,1569853312,0.0,0.0,0.0,22.73,67.22,97907.64,554.0,19,43, Mon, 19/09/30, 14:21:52 
44,1569853391,0.0,0.0,0.0,22.78,67.13,97908.72,548.0,20,44, Mon, 19/09/30, 14:23:11 
45,1569853470,0.0,0.0,0.0,22.81,67.25,97903.56,535.0,20,45, Mon, 19/09/30, 14:24:30 
46,1569853549,0.0,0.0,0.0,22.85,67.11,97903.02,533.0,20,46, Mon, 19/09/30, 14:25:49 
47,1569853628,0.0,0.0,0.0,22.87,66.98,97906.8,533.0,20,47, Mon, 19/09/30, 14:27:08 
48,1569853707,0.0,0.0,0.0,22.92,67.01,97902.45,522.0,20,48, Mon, 19/09/30, 14:28:27 
49,1569853786,0.0,0.0,0.0,22.95,67.0,97899.19,556.0,20,49, Mon, 19/09/30, 14:29:46 
50,1569853865,0.0,0.0,0.0,22.97,67.01,97898.65,587.0,20,50, Mon, 19/09/30, 14:31:05 
51,1569853944,0.0,0.0,0.0,23.0,66.94,97888.37,568.0,20,51, Mon, 19/09/30, 14:32:24 
52,1569854023,0.0,0.0,0.0,23.02,66.92,97884.31,629.0,20,52, Mon, 19/09/30, 14:33:43 
53,1569854102,0.0,0.0,0.0,23.07,67.11,97881.86,621.0,20,53, Mon, 19/09/30, 14:35:02 
54,1569854181,0.0,0.0,0.0,23.1,66.85,97877.8,552.0,21,54, Mon, 19/09/30, 14:36:21 
55,1569854260,0.0,0.0,0.0,23.12,66.9,97878.05,575.0,21,55, Mon, 19/09/30, 14:37:40 
56,1569854339,0.0,0.0,0.0,23.14,66.8,97885.57,663.0,21,56, Mon, 19/09/30, 14:38:59 
57,1569854418,0.0,0.0,0.0,23.19,66.74,97881.26,699.0,21,57, Mon, 19/09/30, 14:40:18 
58,1569854497,0.0,0.0,0.0,23.22,66.79,97880.69,709.0,21,58, Mon, 19/09/30, 14:41:37 
59,1569854576,0.0,0.0,0.0,23.27,67.83,97880.68,718.0,22,59, Mon, 19/09/30, 14:42:56 
60,1569854655,0.0,0.0,0.0,23.3,67.56,97881.74,732.0,22,60, Mon, 19/09/30, 14:44:15 
61,1569854734,0.0,0.0,0.0,23.35,67.37,97886.61,700.0,22,61, Mon, 19/09/30, 14:45:34 
62,1569854813,0.0,0.0,0.0,23.37,67.43,97882.54,663.0,22,62, Mon, 19/09/30, 14:46:53 
63,1569854892,0.0,0.0,0.0,23.42,67.42,97880.07,643.0,15,63, Mon, 19/09/30, 14:48:12 
64,1569854971,0.0,0.0,0.0,23.43,67.44,97879.53,767.0,22,64, Mon, 19/09/30, 14:49:31 
65,1569855050,0.0,0.0,0.0,23.45,67.28,97870.06,645.0,22,65, Mon, 19/09/30, 14:50:50 
66,1569855129,0.0,0.0,0.0,23.46,67.3,97867.06,627.0,22,66, Mon, 19/09/30, 14:52:09 
67,1569855208,0.0,0.0,0.0,23.5,67.43,97863.0,630.0,22,67, Mon, 19/09/30, 14:53:28 
68,1569855287,0.0,0.0,0.0,23.53,67.25,97869.72,712.0,22,68, Mon, 19/09/30, 14:54:47 
69,1569855366,0.0,0.0,0.0,23.54,67.35,97870.25,662.0,9,69, Mon, 19/09/30, 14:56:06 
70,1569855445,0.0,0.0,0.0,23.55,67.13,97865.37,672.0,9,70, Mon, 19/09/30, 14:57:25 
71,1569855524,0.0,0.0,0.0,23.57,67.05,97858.06,667.0,9,71, Mon, 19/09/30, 14:58:44 
72,1569855603,0.0,0.0,0.0,23.6,66.79,97858.59,647.0,9,72, Mon, 19/09/30, 15:00:03 
73,1569855682,0.0,0.0,0.0,23.6,66.72,97851.3,628.0,9,73, Mon, 19/09/30, 15:01:22 
74,1569855761,0.0,0.0,0.0,23.61,66.68,97852.89,604.0,9,74, Mon, 19/09/30, 15:02:41 
75,1569855840,0.0,0.0,0.0,23.62,66.66,97837.47,620.0,7,75, Mon, 19/09/30, 15:04:00 
76,1569855919,0.0,0.0,0.0,23.61,66.57,97830.17,638.0,9,76, Mon, 19/09/30, 15:05:19 
77,1569855998,0.0,0.0,0.0,23.62,66.5,97820.42,634.0,9,77, Mon, 19/09/30, 15:06:38 
78,1569856077,0.0,0.0,0.0,23.62,66.44,97819.35,601.0,9,78, Mon, 19/09/30, 15:07:57 
79,1569856156,0.0,0.0,0.0,23.62,66.44,97821.24,566.0,9,79, Mon, 19/09/30, 15:09:16 
80,1569856235,0.0,0.0,0.0,23.6,66.45,97818.53,597.0,9,80, Mon, 19/09/30, 15:10:35 
81,1569856314,0.0,0.0,0.0,23.6,66.35,97824.76,635.0,9,81, Mon, 19/09/30, 15:11:54 
82,1569856393,0.0,0.0,0.0,23.62,66.3,97815.82,664.0,9,82, Mon, 19/09/30, 15:13:13 
83,1569856472,0.0,0.0,0.0,23.62,66.24,97817.72,678.0,9,83, Mon, 19/09/30, 15:14:32 
84,1569856551,0.0,0.0,0.0,23.62,66.19,97812.05,685.0,9,84, Mon, 19/09/30, 15:15:51 
85,1569856630,0.0,0.0,0.0,23.62,66.12,97813.65,664.0,9,85, Mon, 19/09/30, 15:17:10 
86,1569856709,0.0,0.0,0.0,23.63,66.25,97814.47,621.0,9,86, Mon, 19/09/30, 15:18:29 
87,1569856788,0.0,0.0,0.0,23.64,65.99,97805.24,559.0,9,87, Mon, 19/09/30, 15:19:48 
88,1569856867,0.0,0.0,0.0,23.65,65.92,97809.57,604.0,6,88, Mon, 19/09/30, 15:21:07 
89,1569856946,0.0,0.0,0.0,23.67,65.92,97796.87,611.0,9,89, Mon, 19/09/30, 15:22:26 
90,1569857025,0.0,0.0,0.0,23.68,65.85,97791.45,554.0,9,90, Mon, 19/09/30, 15:23:45 
91,1569857104,0.0,0.0,0.0,23.68,65.81,97794.94,502.0,9,91, Mon, 19/09/30, 15:25:04 
92,1569857183,0.0,0.0,0.0,23.69,65.77,97781.41,501.0,9,92, Mon, 19/09/30, 15:26:23 
93,1569857262,0.0,0.0,0.0,23.69,65.71,97779.24,514.0,7,93, Mon, 19/09/30, 15:27:42 
94,1569857341,0.0,0.0,0.0,23.69,65.66,97779.24,516.0,9,94, Mon, 19/09/30, 15:29:01 
95,1569857420,0.0,0.0,0.0,23.69,65.64,97774.64,506.0,9,95, Mon, 19/09/30, 15:30:20 
96,1569857500,0.0,0.0,0.0,23.69,65.63,97772.75,506.0,9,96, Mon, 19/09/30, 15:31:40 
97,1569857579,0.0,0.0,0.0,23.7,65.52,97772.75,524.0,9,97, Mon, 19/09/30, 15:32:59 
98,1569857658,0.0,0.0,0.0,23.7,65.57,97777.87,528.0,9,98, Mon, 19/09/30, 15:34:18 
99,1569857738,0.0,0.0,0.0,23.71,65.62,97772.45,534.0,9,99, Mon, 19/09/30, 15:35:38 
100,1569857818,0.0,0.0,0.0,23.72,65.56,97774.9,554.0,9,100, Mon, 19/09/30, 15:36:58 
101,1569857922,0.0,0.0,0.0,23.73,65.5,97768.37,565.0,9,101, Mon, 19/09/30, 15:38:42 
102,1569858002,0.0,0.0,0.0,23.75,65.47,97764.86,557.0,8,102, Mon, 19/09/30, 15:40:02 
103,1569858082,0.0,0.0,0.0,23.76,65.6,97768.09,525.0,8,103, Mon, 19/09/30, 15:41:22 
104,1569858162,0.0,0.0,0.0,23.77,65.45,97766.19,502.0,8,104, Mon, 19/09/30, 15:42:42 
105,1569858242,0.0,0.0,0.0,23.77,65.45,97760.78,495.0,8,105, Mon, 19/09/30, 15:44:02 
106,1569858322,0.0,0.0,0.0,23.77,65.44,97757.0,501.0,5,106, Mon, 19/09/30, 15:45:22 
107,1569858402,0.0,0.0,0.0,23.78,65.45,97755.07,506.0,8,107, Mon, 19/09/30, 15:46:42 
108,1569858482,0.0,0.0,0.0,23.79,65.41,97753.19,493.0,8,108, Mon, 19/09/30, 15:48:02 
109,1569858562,0.0,0.0,0.0,23.79,65.4,97751.0,462.0,8,109, Mon, 19/09/30, 15:49:22 
110,1569858642,0.0,0.0,0.0,23.79,65.44,97751.0,431.0,8,110, Mon, 19/09/30, 15:50:42 
111,1569858722,0.0,0.0,0.0,23.79,65.44,97742.88,439.0,8,111, Mon, 19/09/30, 15:52:02 
112,1569858802,0.0,0.0,0.0,23.79,65.61,97751.0,484.0,8,112, Mon, 19/09/30, 15:53:22 
113,1569858882,0.0,0.0,0.0,23.81,65.45,97758.05,514.0,6,113, Mon, 19/09/30, 15:54:42 
114,1569858962,0.0,0.0,0.0,23.82,65.44,97757.75,520.0,8,114, Mon, 19/09/30, 15:56:02 
115,1569859042,0.0,0.0,0.0,23.84,65.44,97750.45,514.0,8,115, Mon, 19/09/30, 15:57:22 
116,1569859122,0.0,0.0,0.0,23.85,65.44,97745.56,508.0,8,116, Mon, 19/09/30, 15:58:42 
117,1569859202,0.0,0.0,0.0,23.84,65.46,97744.74,495.0,8,117, Mon, 19/09/30, 16:00:02 
118,1569859282,0.0,0.0,0.0,23.85,65.46,97744.45,470.0,8,118, Mon, 19/09/30, 16:01:22 
119,1569859362,0.0,0.0,0.0,23.86,65.49,97739.03,451.0,8,119, Mon, 19/09/30, 16:02:42 
120,1569859442,0.0,0.0,0.0,23.87,65.49,97742.55,443.0,8,120, Mon, 19/09/30, 16:04:02 
121,1569859522,0.0,0.0,0.0,23.87,65.53,97738.74,448.0,8,121, Mon, 19/09/30, 16:05:22 
122,1569859602,0.0,0.0,0.0,23.89,65.49,97746.59,437.0,8,122, Mon, 19/09/30, 16:06:42 
123,1569859682,0.0,0.0,0.0,23.88,65.51,97741.97,411.0,8,123, Mon, 19/09/30, 16:08:02 
124,1569859762,0.0,0.0,0.0,23.89,65.51,97738.19,401.0,8,124, Mon, 19/09/30, 16:09:22 
125,1569859842,0.0,0.0,0.0,23.9,65.64,97747.12,420.0,8,125, Mon, 19/09/30, 16:10:42 
126,1569859922,0.0,0.0,0.0,23.9,65.39,97744.41,434.0,8,126, Mon, 19/09/30, 16:12:02 
127,1569860002,0.0,0.0,0.0,23.92,65.46,97746.82,441.0,8,127, Mon, 19/09/30, 16:13:22 
128,1569860082,0.0,0.0,0.0,23.93,65.57,97744.94,449.0,8,128, Mon, 19/09/30, 16:14:42 
129,1569860162,0.0,0.0,0.0,23.93,65.32,97745.72,450.0,8,129, Mon, 19/09/30, 16:16:02 
130,1569860242,0.0,0.0,0.0,23.95,65.41,97741.12,452.0,8,130, Mon, 19/09/30, 16:17:22 
131,1569860322,0.0,0.0,0.0,23.95,65.41,97743.82,466.0,8,131, Mon, 19/09/30, 16:18:42 
132,1569860402,0.0,0.0,0.0,23.95,65.42,97742.75,488.0,8,132, Mon, 19/09/30, 16:20:02 
133,1569860482,0.0,0.0,0.0,23.95,65.4,97747.05,497.0,8,133, Mon, 19/09/30, 16:21:22 
134,1569860562,0.0,0.0,0.0,23.96,65.38,97747.05,505.0,8,134, Mon, 19/09/30, 16:22:42 
135,1569860642,0.0,0.0,0.0,23.97,65.35,97742.45,502.0,8,135, Mon, 19/09/30, 16:24:02 
136,1569860722,0.0,0.0,0.0,23.97,65.35,97741.37,507.0,8,136, Mon, 19/09/30, 16:25:22 
137,1569860802,0.0,0.0,0.0,23.98,65.34,97739.45,513.0,8,137, Mon, 19/09/30, 16:26:42 
138,1569860882,0.0,0.0,0.0,24.0,65.22,97741.89,516.0,8,138, Mon, 19/09/30, 16:28:02 
139,1569860962,0.0,0.0,0.0,24.02,65.25,97737.0,515.0,8,139, Mon, 19/09/30, 16:29:22 
140,1569861042,0.0,0.0,0.0,24.02,65.23,97737.0,515.0,8,140, Mon, 19/09/30, 16:30:42 
141,1569861122,0.0,0.0,0.0,24.03,65.21,97741.3,517.0,8,141, Mon, 19/09/30, 16:32:02 
142,1569861202,0.0,0.0,0.0,24.04,65.32,97738.32,511.0,8,142, Mon, 19/09/30, 16:33:22 
143,1569861282,0.0,0.0,0.0,24.04,65.14,97731.03,502.0,8,143, Mon, 19/09/30, 16:34:42 
144,1569861362,0.0,0.0,0.0,24.05,65.13,97735.36,500.0,8,144, Mon, 19/09/30, 16:36:02 
145,1569861442,0.0,0.0,0.0,24.06,65.12,97733.44,467.0,8,145, Mon, 19/09/30, 16:37:22 
146,1569861522,0.0,0.0,0.0,24.07,65.96,97728.55,387.0,19,146, Mon, 19/09/30, 16:38:42 
147,1569861602,0.0,0.0,0.0,24.1,66.54,97725.57,368.0,20,147, Mon, 19/09/30, 16:40:02 
148,1569861682,0.0,0.0,0.0,24.12,66.88,97732.29,351.0,20,148, Mon, 19/09/30, 16:41:22 
149,1569861762,0.0,0.0,0.0,24.14,67.24,97723.61,341.0,15,149, Mon, 19/09/30, 16:42:42 
150,1569861842,0.0,0.0,0.0,24.19,67.22,97730.05,337.0,20,150, Mon, 19/09/30, 16:44:02 
151,1569861922,0.0,0.0,0.0,24.2,67.4,97725.15,334.0,20,151, Mon, 19/09/30, 16:45:22 
152,1569862002,0.0,0.0,0.0,24.25,67.56,97721.89,336.0,20,152, Mon, 19/09/30, 16:46:42 
153,1569862082,0.0,0.0,0.0,24.27,67.71,97714.28,343.0,21,153, Mon, 19/09/30, 16:48:02 
154,1569862162,0.0,0.0,0.0,24.3,67.8,97719.62,347.0,21,154, Mon, 19/09/30, 16:49:22 
155,1569862242,0.0,0.0,0.0,24.32,67.86,97722.03,342.0,21,155, Mon, 19/09/30, 16:50:42 
156,1569862322,0.0,0.0,0.0,24.37,67.75,97720.36,343.0,22,156, Mon, 19/09/30, 16:52:02 
157,1569862402,0.0,0.0,0.0,24.38,67.96,97706.55,347.0,22,157, Mon, 19/09/30, 16:53:22 
158,1569862482,0.0,0.0,0.0,24.42,68.16,97710.28,347.0,22,158, Mon, 19/09/30, 16:54:42 
159,1569862562,0.0,0.0,0.0,24.43,68.2,97712.69,348.0,15,159, Mon, 19/09/30, 16:56:02 
160,1569862642,0.0,0.0,0.0,24.45,67.7,97705.9,344.0,22,160, Mon, 19/09/30, 16:57:22 
161,1569862722,0.0,0.0,0.0,24.46,67.51,97710.2,354.0,22,161, Mon, 19/09/30, 16:58:42 
162,1569862802,0.0,0.0,0.0,24.47,67.57,97706.41,411.0,23,162, Mon, 19/09/30, 17:00:02 
163,1569862882,0.0,0.0,0.0,24.47,67.77,97709.94,410.0,18,163, Mon, 19/09/30, 17:01:22 
164,1569862962,0.0,0.0,0.0,24.5,67.48,97699.88,410.0,18,164, Mon, 19/09/30, 17:02:42 
165,1569863042,0.0,0.0,0.0,24.5,67.38,97713.43,407.0,18,165, Mon, 19/09/30, 17:04:02 
166,1569863122,0.0,0.0,0.0,24.51,67.28,97709.64,403.0,23,166, Mon, 19/09/30, 17:05:22 
167,1569863202,0.0,0.0,0.0,24.52,67.34,97705.82,384.0,11,167, Mon, 19/09/30, 17:06:42 
168,1569863282,0.0,0.0,0.0,24.53,67.27,97705.82,358.0,15,168, Mon, 19/09/30, 17:08:02 
169,1569863362,0.0,0.0,0.0,24.51,67.17,97704.22,350.0,19,169, Mon, 19/09/30, 17:09:22 
170,1569863442,0.0,0.0,0.0,24.5,67.13,97698.5,354.0,23,170, Mon, 19/09/30, 17:10:42 
171,1569863522,0.0,0.0,0.0,24.51,67.0,97693.39,349.0,23,171, Mon, 19/09/30, 17:12:02 
172,1569863603,0.0,0.0,0.0,24.51,66.97,97687.97,344.0,20,172, Mon, 19/09/30, 17:13:23 
173,1569863684,0.0,0.0,0.0,24.5,66.91,97693.39,341.0,20,173, Mon, 19/09/30, 17:14:44 
174,1569863765,0.0,0.0,0.0,24.51,67.02,97693.39,342.0,24,174, Mon, 19/09/30, 17:16:05 
175,1569863846,0.0,0.0,0.0,24.5,66.84,97695.28,345.0,19,175, Mon, 19/09/30, 17:17:26 
176,1569863927,0.0,0.0,0.0,24.5,66.8,97693.39,351.0,24,176, Mon, 19/09/30, 17:18:47 
177,1569864008,0.0,0.0,0.0,24.51,66.73,97693.39,359.0,25,177, Mon, 19/09/30, 17:20:08 
178,1569864089,0.0,0.0,0.0,24.5,66.69,97694.2,367.0,25,178, Mon, 19/09/30, 17:21:29 
179,1569864170,0.0,0.0,0.0,24.51,66.48,97697.69,376.0,25,179, Mon, 19/09/30, 17:22:50 
180,1569864251,0.0,0.0,0.0,24.52,66.63,97694.2,386.0,25,180, Mon, 19/09/30, 17:24:11 
181,1569864332,0.0,0.0,0.0,24.52,66.59,97693.9,393.0,25,181, Mon, 19/09/30, 17:25:32 
182,1569864413,0.0,0.0,0.0,24.52,66.57,97697.42,401.0,25,182, Mon, 19/09/30, 17:26:53 
183,1569864494,0.0,0.0,0.0,24.54,66.5,97695.22,399.0,18,183, Mon, 19/09/30, 17:28:14 
184,1569864575,0.0,0.0,0.0,24.54,66.44,97684.39,390.0,25,184, Mon, 19/09/30, 17:29:35 
185,1569864656,0.0,0.0,0.0,24.55,66.41,97690.59,381.0,25,185, Mon, 19/09/30, 17:30:56 
186,1569864737,0.0,0.0,0.0,24.56,66.39,97694.93,372.0,26,186, Mon, 19/09/30, 17:32:17 
187,1569864818,0.0,0.0,0.0,24.56,66.35,97686.8,365.0,26,187, Mon, 19/09/30, 17:33:38 
188,1569864899,0.0,0.0,0.0,24.55,66.15,97690.32,363.0,26,188, Mon, 19/09/30, 17:34:59 
189,1569864980,0.0,0.0,0.0,24.57,66.05,97693.81,367.0,26,189, Mon, 19/09/30, 17:36:20 
190,1569865061,0.0,0.0,0.0,24.57,66.28,97690.02,369.0,22,190, Mon, 19/09/30, 17:37:41 
191,1569865142,0.0,0.0,0.0,24.57,66.23,97688.9,365.0,27,191, Mon, 19/09/30, 17:39:02 
192,1569865223,0.0,0.0,0.0,24.6,66.2,97693.55,353.0,27,192, Mon, 19/09/30, 17:40:23 
193,1569865304,0.0,0.0,0.0,24.6,66.17,97687.82,336.0,27,193, Mon, 19/09/30, 17:41:44 
194,1569865385,0.0,0.0,0.0,24.6,66.16,97689.72,324.0,23,194, Mon, 19/09/30, 17:43:05 
195,1569865466,0.0,0.0,0.0,24.61,66.18,97687.01,319.0,27,195, Mon, 19/09/30, 17:44:26 
196,1569865547,0.0,0.0,0.0,24.61,66.2,97689.72,317.0,28,196, Mon, 19/09/30, 17:45:47 
197,1569865628,0.0,0.0,0.0,24.6,66.11,97687.82,318.0,28,197, Mon, 19/09/30, 17:47:08 
198,1569865709,0.0,0.0,0.0,24.6,66.26,97684.3,317.0,23,198, Mon, 19/09/30, 17:48:29 
199,1569865790,0.0,0.0,0.0,24.61,66.27,97685.93,313.0,28,199, Mon, 19/09/30, 17:49:50 
200,1569865871,0.0,0.0,0.0,24.61,66.29,97685.93,310.0,23,200, Mon, 19/09/30, 17:51:11 
201,1569865952,0.0,0.0,0.0,24.62,66.3,97693.25,307.0,28,201, Mon, 19/09/30, 17:52:32 
202,1569866110,0.0,0.0,0.0,24.62,66.25,97682.11,294.0,28,202, Mon, 19/09/30, 17:55:10 
203,1569866199,0.0,0.0,0.0,24.62,66.64,97688.34,291.0,15,203, Mon, 19/09/30, 17:56:39 
204,1569866308,0.0,0.0,0.0,24.63,66.57,97692.65,284.0,15,204, Mon, 19/09/30, 17:58:28 
205,1569866450,0.0,0.0,0.0,24.65,66.46,97690.45,280.0,8,205, Mon, 19/09/30, 18:00:50 
206,1569866538,0.0,0.0,0.0,24.65,66.44,97692.07,286.0,15,206, Mon, 19/09/30, 18:02:18 
207,1569866652,0.0,0.0,0.0,24.67,66.46,97696.69,290.0,15,207, Mon, 19/09/30, 18:04:12 
208,1569866794,0.0,0.0,0.0,24.65,66.59,97692.89,286.0,15,208, Mon, 19/09/30, 18:06:34 
209,1569866936,0.0,0.0,0.0,24.67,66.38,97686.65,277.0,11,209, Mon, 19/09/30, 18:08:56 
210,1569867078,0.0,0.0,0.0,24.67,66.37,97686.65,268.0,15,210, Mon, 19/09/30, 18:11:18 
211,1569867202,0.0,0.0,0.0,24.67,66.34,97692.89,260.0,15,211, Mon, 19/09/30, 18:13:22 
212,1569867369,0.0,0.0,0.0,24.65,66.37,97695.87,250.0,15,212, Mon, 19/09/30, 18:16:09 
213,1569867477,0.0,0.0,0.0,24.67,66.35,97694.79,242.0,15,213, Mon, 19/09/30, 18:17:57 
214,1569867558,0.0,0.0,0.0,24.65,66.41,97692.07,235.0,15,214, Mon, 19/09/30, 18:19:18 
215,1569867639,0.0,0.0,0.0,24.67,66.43,97698.31,229.0,15,215, Mon, 19/09/30, 18:20:39 
216,1569867720,0.0,0.0,0.0,24.65,66.47,97693.15,224.0,7,216, Mon, 19/09/30, 18:22:00 
217,1569867801,0.0,0.0,0.0,24.65,66.44,97695.87,219.0,9,217, Mon, 19/09/30, 18:23:21 
218,1569867882,0.0,0.0,0.0,24.64,66.42,97697.5,216.0,14,218, Mon, 19/09/30, 18:24:42 
219,1569867963,0.0,0.0,0.0,24.64,66.39,97690.45,214.0,14,219, Mon, 19/09/30, 18:26:03 
220,1569868044,0.0,0.0,0.0,24.65,66.39,97698.57,213.0,11,220, Mon, 19/09/30, 18:27:24 
221,1569868125,0.0,0.0,0.0,24.65,66.33,97690.45,212.0,14,221, Mon, 19/09/30, 18:28:45 
222,1569868206,0.0,0.0,0.0,24.65,66.34,97693.97,210.0,10,222, Mon, 19/09/30, 18:30:06 
223,1569868287,0.0,0.0,0.0,24.65,66.34,97694.79,208.0,9,223, Mon, 19/09/30, 18:31:27 
224,1569868368,0.0,0.0,0.0,24.65,66.35,97701.01,204.0,14,224, Mon, 19/09/30, 18:32:48 
225,1569868449,0.0,0.0,0.0,24.65,66.29,97691.26,200.0,11,225, Mon, 19/09/30, 18:34:09 
226,1569868530,0.0,0.0,0.0,24.67,66.25,97692.07,195.0,14,226, Mon, 19/09/30, 18:35:30 
227,1569868611,0.0,0.0,0.0,24.65,66.21,97693.97,191.0,9,227, Mon, 19/09/30, 18:36:51 
228,1569868692,0.0,0.0,0.0,24.64,66.23,97690.45,186.0,11,228, Mon, 19/09/30, 18:38:12 
229,1569868773,0.0,0.0,0.0,24.64,66.31,97685.03,180.0,9,229, Mon, 19/09/30, 18:39:33 
230,1569868854,0.0,0.0,0.0,24.65,66.23,97689.67,176.0,14,230, Mon, 19/09/30, 18:40:54 
231,1569868935,0.0,0.0,0.0,24.65,66.18,97690.45,170.0,9,231, Mon, 19/09/30, 18:42:15 
232,1569869016,0.0,0.0,0.0,24.65,66.24,97688.86,166.0,14,232, Mon, 19/09/30, 18:43:36 
233,1569869097,0.0,0.0,0.0,24.64,66.2,97689.67,161.0,14,233, Mon, 19/09/30, 18:44:57 
234,1569869178,0.0,0.0,0.0,24.64,66.18,97680.72,156.0,9,234, Mon, 19/09/30, 18:46:18 
235,1569869259,0.0,0.0,0.0,24.64,66.2,97681.54,151.0,14,235, Mon, 19/09/30, 18:47:39 
236,1569869340,0.0,0.0,0.0,24.65,66.2,97682.32,146.0,9,236, Mon, 19/09/30, 18:49:00 
237,1569869421,0.0,0.0,0.0,24.64,66.17,97688.04,141.0,10,237, Mon, 19/09/30, 18:50:21 
238,1569869502,0.0,0.0,0.0,24.65,66.14,97682.62,135.0,8,238, Mon, 19/09/30, 18:51:42 
239,1569869583,0.0,0.0,0.0,24.64,66.15,97686.14,131.0,7,239, Mon, 19/09/30, 18:53:03 
240,1569869664,0.0,0.0,0.0,24.64,66.15,97683.44,125.0,14,240, Mon, 19/09/30, 18:54:24 
241,1569869746,0.0,0.0,0.0,24.64,66.12,97683.44,120.0,14,241, Mon, 19/09/30, 18:55:46 
242,1569869828,0.0,0.0,0.0,24.64,66.1,97680.72,115.0,10,242, Mon, 19/09/30, 18:57:08 
243,1569869910,0.0,0.0,0.0,24.63,66.16,97676.39,109.0,8,243, Mon, 19/09/30, 18:58:30 
244,1569869992,0.0,0.0,0.0,24.63,66.08,97674.49,103.0,14,244, Mon, 19/09/30, 18:59:52 
245,1569870074,0.0,0.0,0.0,24.63,66.08,97676.39,98.0,9,245, Mon, 19/09/30, 19:01:14 
246,1569870156,0.0,0.0,0.0,24.62,66.06,97673.68,93.0,9,246, Mon, 19/09/30, 19:02:36 
247,1569870238,0.0,0.0,0.0,24.63,66.06,97677.2,88.0,13,247, Mon, 19/09/30, 19:03:58 
248,1569870320,0.0,0.0,0.0,24.62,66.03,97675.61,83.0,7,248, Mon, 19/09/30, 19:05:20 
249,1569870402,0.0,0.0,0.0,24.62,66.03,97675.61,79.0,13,249, Mon, 19/09/30, 19:06:42 
250,1569870484,0.0,0.0,0.0,24.62,65.95,97680.21,74.0,13,250, Mon, 19/09/30, 19:08:04 
251,1569870566,0.0,0.0,0.0,24.62,65.97,97678.31,70.0,8,251, Mon, 19/09/30, 19:09:26 
252,1569870648,0.0,0.0,0.0,24.62,65.98,97682.92,65.0,8,252, Mon, 19/09/30, 19:10:48 
253,1569870730,0.0,0.0,0.0,24.62,65.98,97680.21,61.0,13,253, Mon, 19/09/30, 19:12:10 
254,1569870812,0.0,0.0,0.0,24.62,65.95,97675.61,56.0,13,254, Mon, 19/09/30, 19:13:32 
255,1569870894,0.0,0.0,0.0,24.62,65.93,97677.5,52.0,13,255, Mon, 19/09/30, 19:14:54 
256,1569870976,0.0,0.0,0.0,24.62,65.82,97681.02,48.0,9,256, Mon, 19/09/30, 19:16:16 
257,1569871058,0.0,0.0,0.0,24.62,65.93,97675.87,44.0,13,257, Mon, 19/09/30, 19:17:38 
258,1569871140,0.0,0.0,0.0,24.61,65.91,97680.21,41.0,8,258, Mon, 19/09/30, 19:19:00 
259,1569871222,0.0,0.0,0.0,24.62,66.01,97681.3,37.0,9,259, Mon, 19/09/30, 19:20:22 
260,1569871304,0.0,0.0,0.0,24.62,65.93,97682.11,34.0,9,260, Mon, 19/09/30, 19:21:44 
261,1569871386,0.0,0.0,0.0,24.61,65.96,97686.72,30.0,13,261, Mon, 19/09/30, 19:23:06 
262,1569871468,0.0,0.0,0.0,24.61,65.93,97678.59,27.0,9,262, Mon, 19/09/30, 19:24:28 
263,1569871550,0.0,0.0,0.0,24.62,65.91,97675.09,24.0,13,263, Mon, 19/09/30, 19:25:50 
264,1569871632,0.0,0.0,0.0,24.62,65.9,97674.28,22.0,13,264, Mon, 19/09/30, 19:27:12 
265,1569871714,0.0,0.0,0.0,24.6,65.95,97680.51,19.0,13,265, Mon, 19/09/30, 19:28:34 
266,1569871796,0.0,0.0,0.0,24.61,65.96,97681.59,16.0,13,266, Mon, 19/09/30, 19:29:56 
267,1569871878,0.0,0.0,0.0,24.6,65.93,97682.4,14.0,9,267, Mon, 19/09/30, 19:31:18 
268,1569871960,0.0,0.0,0.0,24.61,65.94,97677.8,12.0,13,268, Mon, 19/09/30, 19:32:40 
269,1569872042,0.0,0.0,0.0,24.6,65.93,97680.78,10.0,8,269, Mon, 19/09/30, 19:34:02 
270,1569872124,0.0,0.0,0.0,24.6,65.96,97672.65,9.0,7,270, Mon, 19/09/30, 19:35:24 
271,1569872206,0.0,0.0,0.0,24.6,65.91,97675.36,7.0,13,271, Mon, 19/09/30, 19:36:46 
272,1569872288,0.0,0.0,0.0,24.59,66.11,97669.15,5.0,7,272, Mon, 19/09/30, 19:38:08 
273,1569872370,0.0,0.0,0.0,24.6,65.97,97665.34,4.0,13,273, Mon, 19/09/30, 19:39:30 
274,1569872452,0.0,0.0,0.0,24.6,65.94,97673.76,4.0,13,274, Mon, 19/09/30, 19:40:52 
275,1569872534,0.0,0.0,0.0,24.59,65.96,97674.57,2.0,8,275, Mon, 19/09/30, 19:42:14 
276,1569872616,0.0,0.0,0.0,24.59,65.95,97672.65,2.0,8,276, Mon, 19/09/30, 19:43:36 
277,1569872698,0.0,0.0,0.0,24.59,65.97,97665.64,1.0,8,277, Mon, 19/09/30, 19:44:58 
278,1569872780,0.0,0.0,0.0,24.59,66.0,97674.57,0.0,12,278, Mon, 19/09/30, 19:46:20 
279,1569872862,0.0,0.0,0.0,24.59,65.94,97671.05,1.0,9,279, Mon, 19/09/30, 19:47:42 
280,1569872944,0.0,0.0,0.0,24.59,65.97,97667.53,0.0,9,280, Mon, 19/09/30, 19:49:04 
281,1569873026,0.0,0.0,0.0,24.59,65.99,97662.11,0.0,12,281, Mon, 19/09/30, 19:50:26 
282,1569873108,0.0,0.0,0.0,24.59,66.02,97663.24,0.0,8,282, Mon, 19/09/30, 19:51:48 
283,1569873190,0.0,0.0,0.0,24.59,65.97,97662.92,0.0,12,283, Mon, 19/09/30, 19:53:10 
284,1569873272,0.0,0.0,0.0,24.59,65.99,97664.82,0.0,8,284, Mon, 19/09/30, 19:54:32 
285,1569873354,0.0,0.0,0.0,24.59,65.95,97670.25,0.0,12,285, Mon, 19/09/30, 19:55:54 
286,1569873436,0.0,0.0,0.0,24.57,66.07,97666.72,0.0,8,286, Mon, 19/09/30, 19:57:16 
287,1569873518,0.0,0.0,0.0,24.59,66.04,97674.84,0.0,8,287, Mon, 19/09/30, 19:58:38 
288,1569873600,0.0,0.0,0.0,24.57,66.05,97678.37,0.0,12,288, Mon, 19/09/30, 20:00:00 
289,1569873682,0.0,0.0,0.0,24.56,66.05,97679.19,0.0,8,289, Mon, 19/09/30, 20:01:22 
290,1569873764,0.0,0.0,0.0,24.57,66.1,97685.69,0.0,12,290, Mon, 19/09/30, 20:02:44 
291,1569873846,0.0,0.0,0.0,24.57,66.09,97689.2,0.0,11,291, Mon, 19/09/30, 20:04:06 
292,1569873928,0.0,0.0,0.0,24.57,66.26,97686.8,0.0,8,292, Mon, 19/09/30, 20:05:28 
293,1569874010,0.0,0.0,0.0,24.56,66.08,97689.2,0.0,11,293, Mon, 19/09/30, 20:06:50 
294,1569874092,0.0,0.0,0.0,24.57,66.23,97689.2,0.0,8,294, Mon, 19/09/30, 20:08:12 
295,1569874174,0.0,0.0,0.0,24.56,66.25,97690.32,0.0,11,295, Mon, 19/09/30, 20:09:34 
296,1569874256,0.0,0.0,0.0,24.56,66.1,97689.2,0.0,11,296, Mon, 19/09/30, 20:10:56 
297,1569874338,0.0,0.0,0.0,24.57,66.12,97696.53,0.0,8,297, Mon, 19/09/30, 20:12:18 
298,1569874420,0.0,0.0,0.0,24.56,66.11,97700.05,0.0,7,298, Mon, 19/09/30, 20:13:40 
299,1569874502,0.0,0.0,0.0,24.56,66.12,97698.45,0.0,8,299, Mon, 19/09/30, 20:15:02 
300,1569874584,0.0,0.0,0.0,24.55,66.13,97703.06,0.0,11,300, Mon, 19/09/30, 20:16:24 
301,1569874666,0.0,0.0,0.0,24.55,66.12,97703.87,0.0,11,301, Mon, 19/09/30, 20:17:46 
302,1569874748,0.0,0.0,0.0,24.56,66.04,97706.57,0.0,11,302, Mon, 19/09/30, 20:19:08 
303,1569874830,0.0,0.0,0.0,24.56,66.06,97713.07,0.0,11,303, Mon, 19/09/30, 20:20:30 
304,1569874912,0.0,0.0,0.0,24.56,66.11,97713.07,0.0,11,304, Mon, 19/09/30, 20:21:52 
305,1569874994,0.0,0.0,0.0,24.56,66.01,97705.76,0.0,11,305, Mon, 19/09/30, 20:23:14 
306,1569875076,0.0,0.0,0.0,24.56,65.96,97706.84,0.0,11,306, Mon, 19/09/30, 20:24:36 
307,1569875158,0.0,0.0,0.0,24.55,65.98,97705.76,0.0,10,307, Mon, 19/09/30, 20:25:58 
308,1569875240,0.0,0.0,0.0,24.56,65.96,97714.7,0.0,10,308, Mon, 19/09/30, 20:27:20 
309,1569875322,0.0,0.0,0.0,24.56,65.97,97708.47,0.0,10,309, Mon, 19/09/30, 20:28:42 
310,1569875404,0.0,0.0,0.0,24.55,65.97,97719.31,0.0,10,310, Mon, 19/09/30, 20:30:04 
311,1569875486,0.0,0.0,0.0,24.55,65.92,97712.26,0.0,10,311, Mon, 19/09/30, 20:31:26 
312,1569875568,0.0,0.0,0.0,24.55,66.0,97716.6,0.0,7,312, Mon, 19/09/30, 20:32:48 
313,1569875650,0.0,0.0,0.0,24.55,65.94,97722.32,0.0,5,313, Mon, 19/09/30, 20:34:10 
314,1569875780,0.0,0.0,0.0,24.55,65.91,97723.11,0.0,10,314, Mon, 19/09/30, 20:36:20 
315,1569875912,0.0,0.0,0.0,24.55,65.92,97724.22,0.0,10,315, Mon, 19/09/30, 20:38:32 
316,1569876003,0.0,0.0,0.0,24.55,65.93,97723.11,0.0,10,316, Mon, 19/09/30, 20:40:03 
317,1569876147,0.0,0.0,0.0,24.54,65.93,97724.22,0.0,10,317, Mon, 19/09/30, 20:42:27 
318,1569876237,0.0,0.0,0.0,24.54,65.89,97723.11,0.0,8,318, Mon, 19/09/30, 20:43:57 
319,1569876349,0.0,0.0,0.0,24.54,65.88,97726.93,0.0,9,319, Mon, 19/09/30, 20:45:49 
320,1569876439,0.0,0.0,0.0,24.54,65.88,97725.03,0.0,9,320, Mon, 19/09/30, 20:47:19 
321,1569876583,0.0,0.0,0.0,24.54,65.88,97726.93,0.0,7,321, Mon, 19/09/30, 20:49:43 
322,1569876700,0.0,0.0,0.0,24.54,66.04,97727.74,0.0,9,322, Mon, 19/09/30, 20:51:40 
323,1569876791,0.0,0.0,0.0,24.54,65.81,97738.57,0.0,9,323, Mon, 19/09/30, 20:53:11 
324,1569876904,0.0,0.0,0.0,24.54,65.84,97731.53,0.0,9,324, Mon, 19/09/30, 20:55:04 
325,1569877018,0.0,0.0,0.0,24.54,65.78,97735.05,0.0,9,325, Mon, 19/09/30, 20:56:58 
326,1569877131,0.0,0.0,0.0,24.54,65.82,97734.24,0.0,9,326, Mon, 19/09/30, 20:58:51 
327,1569877275,0.0,0.0,0.0,24.54,65.78,97744.78,0.0,9,327, Mon, 19/09/30, 21:01:15 
328,1569877364,0.0,0.0,0.0,24.54,65.74,97749.69,0.0,9,328, Mon, 19/09/30, 21:02:44 
329,1569877481,0.0,0.0,0.0,24.54,65.77,97751.31,0.0,9,329, Mon, 19/09/30, 21:04:41 
330,1569877572,0.0,0.0,0.0,24.54,65.78,97760.25,0.0,7,330, Mon, 19/09/30, 21:06:12 
331,1569877754,0.0,0.0,0.0,24.54,65.79,97761.34,0.0,9,331, Mon, 19/09/30, 21:09:14 
332,1569877844,0.0,0.0,0.0,24.54,65.75,97761.34,0.0,9,332, Mon, 19/09/30, 21:10:44 
333,1569877961,0.0,0.0,0.0,24.54,65.77,97767.05,0.0,9,333, Mon, 19/09/30, 21:12:41 
334,1569878105,0.0,0.0,0.0,24.54,65.76,97769.47,0.0,8,334, Mon, 19/09/30, 21:15:05 
335,1569878258,0.0,0.0,0.0,24.54,65.77,97768.65,0.0,9,335, Mon, 19/09/30, 21:17:38 
336,1569878341,0.0,0.0,0.0,24.54,65.79,97767.87,0.0,9,336, Mon, 19/09/30, 21:19:01 
337,1569878424,0.0,0.0,0.0,24.53,65.76,97768.65,0.0,9,337, Mon, 19/09/30, 21:20:24 
338,1569878507,0.0,0.0,0.0,24.53,65.91,97771.36,0.0,9,338, Mon, 19/09/30, 21:21:47 
339,1569878590,0.0,0.0,0.0,24.54,65.75,97777.89,0.0,9,339, Mon, 19/09/30, 21:23:10 
340,1569878673,0.0,0.0,0.0,24.53,65.75,97780.59,0.0,9,340, Mon, 19/09/30, 21:24:33 
341,1569878756,0.0,0.0,0.0,24.54,65.64,97776.78,0.0,9,341, Mon, 19/09/30, 21:25:56 
342,1569878839,0.0,0.0,0.0,24.54,65.76,97786.01,0.0,9,342, Mon, 19/09/30, 21:27:19 
343,1569878922,0.0,0.0,0.0,24.53,65.75,97779.49,0.0,7,343, Mon, 19/09/30, 21:28:42 
344,1569879005,0.0,0.0,0.0,24.54,65.8,97784.12,0.0,9,344, Mon, 19/09/30, 21:30:05 
345,1569879088,0.0,0.0,0.0,24.53,65.76,97778.7,0.0,9,345, Mon, 19/09/30, 21:31:28 
346,1569879171,0.0,0.0,0.0,24.53,65.82,97784.12,0.0,9,346, Mon, 19/09/30, 21:32:51 
347,1569879254,0.0,0.0,0.0,24.53,65.77,97783.31,0.0,7,347, Mon, 19/09/30, 21:34:14 
348,1569879337,0.0,0.0,0.0,24.53,65.76,97784.9,0.0,9,348, Mon, 19/09/30, 21:35:37 
349,1569879420,0.0,0.0,0.0,24.54,65.75,97794.96,0.0,7,349, Mon, 19/09/30, 21:37:00 
350,1569879503,0.0,0.0,0.0,24.54,65.77,97789.55,0.0,9,350, Mon, 19/09/30, 21:38:23 
351,1569879586,0.0,0.0,0.0,24.54,65.81,97791.14,0.0,9,351, Mon, 19/09/30, 21:39:46 
352,1569879669,0.0,0.0,0.0,24.54,66.05,97802.8,0.0,9,352, Mon, 19/09/30, 21:41:09 
353,1569879752,0.0,0.0,0.0,24.53,65.78,97801.99,0.0,9,353, Mon, 19/09/30, 21:42:32 
354,1569879835,0.0,0.0,0.0,24.54,65.82,97798.45,0.0,6,354, Mon, 19/09/30, 21:43:55 
355,1569879918,0.0,0.0,0.0,24.54,65.95,97800.09,0.0,9,355, Mon, 19/09/30, 21:45:18 
356,1569880001,0.0,0.0,0.0,24.53,65.8,97810.11,0.0,9,356, Mon, 19/09/30, 21:46:41 
357,1569880084,0.0,0.0,0.0,24.54,65.7,97807.4,0.0,7,357, Mon, 19/09/30, 21:48:04 
358,1569880167,0.0,0.0,0.0,24.54,65.81,97814.71,0.0,9,358, Mon, 19/09/30, 21:49:27 
359,1569880250,0.0,0.0,0.0,24.54,65.65,97818.24,0.0,7,359, Mon, 19/09/30, 21:50:50 
360,1569880333,0.0,0.0,0.0,24.54,65.8,97819.05,0.0,9,360, Mon, 19/09/30, 21:52:13 
361,1569880416,0.0,0.0,0.0,24.54,65.92,97817.42,0.0,6,361, Mon, 19/09/30, 21:53:36 
362,1569880499,0.0,0.0,0.0,24.54,65.82,97813.62,0.0,9,362, Mon, 19/09/30, 21:54:59 
363,1569880582,0.0,0.0,0.0,24.54,65.82,97801.16,0.0,8,363, Mon, 19/09/30, 21:56:22 
364,1569880665,0.0,0.0,0.0,24.54,65.82,97803.09,0.0,8,364, Mon, 19/09/30, 21:57:45 
365,1569880748,0.0,0.0,0.0,24.53,65.85,97803.87,0.0,6,365, Mon, 19/09/30, 21:59:08 
366,1569880831,0.0,0.0,0.0,24.54,65.81,97806.57,0.0,8,366, Mon, 19/09/30, 22:00:31 
367,1569880914,0.0,0.0,0.0,24.54,65.89,97801.99,0.0,8,367, Mon, 19/09/30, 22:01:54 
368,1569880997,0.0,0.0,0.0,24.54,65.83,97805.8,0.0,6,368, Mon, 19/09/30, 22:03:17 
369,1569881080,0.0,0.0,0.0,24.54,65.86,97805.5,0.0,7,369, Mon, 19/09/30, 22:04:40 
370,1569881163,0.0,0.0,0.0,24.53,65.84,97797.67,0.0,8,370, Mon, 19/09/30, 22:06:03 
371,1569881246,0.0,0.0,0.0,24.54,65.71,97804.69,0.0,5,371, Mon, 19/09/30, 22:07:26 
372,1569881329,0.0,0.0,0.0,24.54,65.8,97809.3,0.0,8,372, Mon, 19/09/30, 22:08:49 
373,1569881412,0.0,0.0,0.0,24.54,65.85,97799.26,0.0,7,373, Mon, 19/09/30, 22:10:12 
374,1569881495,0.0,0.0,0.0,24.54,65.86,97814.44,0.0,6,374, Mon, 19/09/30, 22:11:35 
375,1569881578,0.0,0.0,0.0,24.54,65.84,97812.0,0.0,6,375, Mon, 19/09/30, 22:12:58 
376,1569881661,0.0,0.0,0.0,24.54,65.85,97817.42,0.0,6,376, Mon, 19/09/30, 22:14:21 
377,1569881744,0.0,0.0,0.0,24.54,65.85,97818.24,0.0,8,377, Mon, 19/09/30, 22:15:44 
378,1569881827,0.0,0.0,0.0,24.54,65.7,97817.42,0.0,8,378, Mon, 19/09/30, 22:17:07 
379,1569881910,0.0,0.0,0.0,24.54,65.88,97809.3,0.0,8,379, Mon, 19/09/30, 22:18:30 
380,1569881993,0.0,0.0,0.0,24.54,65.83,97812.81,0.0,8,380, Mon, 19/09/30, 22:19:53 
381,1569882076,0.0,0.0,0.0,24.53,65.84,97818.24,0.0,8,381, Mon, 19/09/30, 22:21:16 
382,1569882159,0.0,0.0,0.0,24.54,65.85,97822.84,0.0,8,382, Mon, 19/09/30, 22:22:39 
383,1569882243,0.0,0.0,0.0,24.54,65.89,97822.84,0.0,6,383, Mon, 19/09/30, 22:24:03 
384,1569882326,0.0,0.0,0.0,24.54,65.84,97819.05,0.0,8,384, Mon, 19/09/30, 22:25:26 
385,1569882410,0.0,0.0,0.0,24.54,65.88,97823.65,0.0,8,385, Mon, 19/09/30, 22:26:50 
386,1569882494,0.0,0.0,0.0,24.54,65.72,97826.36,0.0,7,386, Mon, 19/09/30, 22:28:14 
387,1569882578,0.0,0.0,0.0,24.54,65.84,97829.07,0.0,8,387, Mon, 19/09/30, 22:29:38 
388,1569882662,0.0,0.0,0.0,24.54,65.84,97831.78,0.0,6,388, Mon, 19/09/30, 22:31:02 
389,1569882746,0.0,0.0,0.0,24.54,65.84,97831.78,0.0,7,389, Mon, 19/09/30, 22:32:26 
390,1569882830,0.0,0.0,0.0,24.54,65.84,97834.19,0.0,6,390, Mon, 19/09/30, 22:33:50 
391,1569882914,0.0,0.0,0.0,24.54,65.77,97839.09,0.0,6,391, Mon, 19/09/30, 22:35:14 
392,1569882998,0.0,0.0,0.0,24.54,65.79,97836.9,0.0,8,392, Mon, 19/09/30, 22:36:38 
393,1569883082,0.0,0.0,0.0,24.54,65.8,97840.72,0.0,8,393, Mon, 19/09/30, 22:38:02 
394,1569883166,0.0,0.0,0.0,24.54,65.83,97833.67,0.0,8,394, Mon, 19/09/30, 22:39:26 
395,1569883250,0.0,0.0,0.0,24.54,65.79,97832.59,0.0,6,395, Mon, 19/09/30, 22:40:50 
396,1569883334,0.0,0.0,0.0,24.54,65.8,97836.38,0.0,8,396, Mon, 19/09/30, 22:42:14 
397,1569883418,0.0,0.0,0.0,24.54,65.81,97835.31,0.0,8,397, Mon, 19/09/30, 22:43:38 
398,1569883502,0.0,0.0,0.0,24.54,65.8,97834.49,0.0,8,398, Mon, 19/09/30, 22:45:02 
399,1569883586,0.0,0.0,0.0,24.54,65.84,97840.72,0.0,6,399, Mon, 19/09/30, 22:46:26 
400,1569883670,0.0,0.0,0.0,24.54,65.82,97840.72,0.0,8,400, Mon, 19/09/30, 22:47:50 
401,1569883754,0.0,0.0,0.0,24.54,65.78,97844.51,0.0,6,401, Mon, 19/09/30, 22:49:14 
402,1569883838,0.0,0.0,0.0,24.54,65.78,97848.04,0.0,8,402, Mon, 19/09/30, 22:50:38 
403,1569883922,0.0,0.0,0.0,24.54,65.77,97846.95,0.0,7,403, Mon, 19/09/30, 22:52:02 
404,1569884006,0.0,0.0,0.0,24.55,65.81,97845.03,0.0,8,404, Mon, 19/09/30, 22:53:26 
405,1569884090,0.0,0.0,0.0,24.54,65.79,97847.74,0.0,8,405, Mon, 19/09/30, 22:54:50 
406,1569884174,0.0,0.0,0.0,24.54,65.74,97847.74,0.0,5,406, Mon, 19/09/30, 22:56:14 
407,1569884258,0.0,0.0,0.0,24.54,65.79,97855.09,0.0,8,407, Mon, 19/09/30, 22:57:38 
408,1569884342,0.0,0.0,0.0,24.54,65.79,97856.99,0.0,8,408, Mon, 19/09/30, 22:59:02 
409,1569884426,0.0,0.0,0.0,24.54,65.77,97858.87,0.0,8,409, Mon, 19/09/30, 23:00:26 
410,1569884510,0.0,0.0,0.0,24.54,65.75,97864.0,0.0,6,410, Mon, 19/09/30, 23:01:50 
411,1569884594,0.0,0.0,0.0,24.54,65.75,97865.11,0.0,5,411, Mon, 19/09/30, 23:03:14 
412,1569884678,0.0,0.0,0.0,24.54,65.76,97865.11,0.0,8,412, Mon, 19/09/30, 23:04:38 
413,1569884762,0.0,0.0,0.0,24.54,65.75,97865.11,0.0,6,413, Mon, 19/09/30, 23:06:02 
414,1569884846,0.0,0.0,0.0,24.54,65.78,97858.87,0.0,6,414, Mon, 19/09/30, 23:07:26 
415,1569884930,0.0,0.0,0.0,24.55,65.77,97861.59,0.0,8,415, Mon, 19/09/30, 23:08:50 
416,1569885014,0.0,0.0,0.0,24.54,65.75,97856.99,0.0,5,416, Mon, 19/09/30, 23:10:14 
417,1569885098,0.0,0.0,0.0,24.54,65.74,97857.8,0.0,6,417, Mon, 19/09/30, 23:11:38 
418,1569885182,0.0,0.0,0.0,24.54,65.72,97854.27,0.0,8,418, Mon, 19/09/30, 23:13:02 
419,1569885266,0.0,0.0,0.0,24.54,65.76,97864.0,0.0,8,419, Mon, 19/09/30, 23:14:26 
420,1569885350,0.0,0.0,0.0,24.54,65.71,97863.22,0.0,8,420, Mon, 19/09/30, 23:15:50 
421,1569885434,0.0,0.0,0.0,24.54,65.7,97864.3,0.0,6,421, Mon, 19/09/30, 23:17:14 
422,1569885518,0.0,0.0,0.0,24.54,65.71,97865.92,0.0,8,422, Mon, 19/09/30, 23:18:38 
423,1569885602,0.0,0.0,0.0,24.54,65.72,97861.29,0.0,6,423, Mon, 19/09/30, 23:20:02 
424,1569885686,0.0,0.0,0.0,24.54,65.7,97868.64,0.0,8,424, Mon, 19/09/30, 23:21:26 
425,1569885770,0.0,0.0,0.0,24.54,65.7,97875.95,0.0,6,425, Mon, 19/09/30, 23:22:50 
426,1569885854,0.0,0.0,0.0,24.54,65.7,97878.65,0.0,8,426, Mon, 19/09/30, 23:24:14 
427,1569885938,0.0,0.0,0.0,24.54,65.75,97877.55,0.0,6,427, Mon, 19/09/30, 23:25:38 
428,1569886022,0.0,0.0,0.0,24.54,65.67,97881.37,0.0,7,428, Mon, 19/09/30, 23:27:02 
429,1569886106,0.0,0.0,0.0,24.54,65.63,97881.37,0.0,6,429, Mon, 19/09/30, 23:28:26 
430,1569886190,0.0,0.0,0.0,24.56,65.69,97884.07,0.0,7,430, Mon, 19/09/30, 23:29:50 
431,1569886274,0.0,0.0,0.0,24.54,65.67,97886.78,0.0,6,431, Mon, 19/09/30, 23:31:14 
432,1569886358,0.0,0.0,0.0,24.54,65.68,97887.07,0.0,5,432, Mon, 19/09/30, 23:32:38 
433,1569886442,0.0,0.0,0.0,24.54,65.63,97891.39,0.0,7,433, Mon, 19/09/30, 23:34:02 
434,1569886526,0.0,0.0,0.0,24.53,65.65,97888.39,0.0,7,434, Mon, 19/09/30, 23:35:26 
435,1569886610,0.0,0.0,0.0,24.54,65.64,97889.5,0.0,7,435, Mon, 19/09/30, 23:36:50 
436,1569886703,0.0,0.0,0.0,24.54,65.66,97885.97,0.0,7,436, Mon, 19/09/30, 23:38:23 
437,1569886794,0.0,0.0,0.0,24.54,65.63,97879.74,0.0,7,437, Mon, 19/09/30, 23:39:54 
438,1569886956,0.0,0.0,0.0,24.54,65.64,97877.84,0.0,7,438, Mon, 19/09/30, 23:42:36 
439,1569887102,0.0,0.0,0.0,24.54,65.68,97884.07,0.0,5,439, Mon, 19/09/30, 23:45:02 
440,1569887194,0.0,0.0,0.0,24.54,65.66,97871.61,0.0,7,440, Mon, 19/09/30, 23:46:34 
441,1569887340,0.0,0.0,0.0,24.54,65.63,97878.65,0.0,7,441, Mon, 19/09/30, 23:49:00 
442,1569887431,0.0,0.0,0.0,24.54,65.63,97878.65,0.0,7,442, Mon, 19/09/30, 23:50:31 
443,1569887596,0.0,0.0,0.0,24.55,65.71,97884.89,0.0,7,443, Mon, 19/09/30, 23:53:16 
444,1569887742,0.0,0.0,0.0,24.54,65.7,97888.68,0.0,6,444, Mon, 19/09/30, 23:55:42 
445,1569887835,0.0,0.0,0.0,24.54,65.66,97886.78,0.0,7,445, Mon, 19/09/30, 23:57:15 
446,1569887928,0.0,0.0,0.0,24.54,65.67,97878.65,0.0,7,446, Mon, 19/09/30, 23:58:48 
447,1569888040,0.0,0.0,0.0,24.55,65.69,97885.67,0.0,7,447, Tue, 19/10/01, 00:00:40 
448,1569888125,0.0,0.0,0.0,24.54,65.67,97881.37,0.0,5,448, Tue, 19/10/01, 00:02:05 
449,1569888210,0.0,0.0,0.0,24.54,65.7,97883.26,0.0,6,449, Tue, 19/10/01, 00:03:30 
450,1569888295,0.0,0.0,0.0,24.54,65.72,97882.19,0.0,5,450, Tue, 19/10/01, 00:04:55 
451,1569888380,0.0,0.0,0.0,24.55,65.7,97882.45,0.0,5,451, Tue, 19/10/01, 00:06:20 
452,1569888465,0.0,0.0,0.0,24.55,65.84,97880.25,0.0,7,452, Tue, 19/10/01, 00:07:45 
453,1569888550,0.0,0.0,0.0,24.55,65.72,97891.09,0.0,5,453, Tue, 19/10/01, 00:09:10 
454,1569888635,0.0,0.0,0.0,24.55,65.78,97889.5,0.0,6,454, Tue, 19/10/01, 00:10:35 
455,1569888720,0.0,0.0,0.0,24.55,65.79,97893.8,0.0,5,455, Tue, 19/10/01, 00:12:00 
456,1569888805,0.0,0.0,0.0,24.55,65.8,97891.09,0.0,5,456, Tue, 19/10/01, 00:13:25 
457,1569888890,0.0,0.0,0.0,24.55,65.77,97891.09,0.0,5,457, Tue, 19/10/01, 00:14:50 
458,1569888975,0.0,0.0,0.0,24.55,65.68,97901.94,0.0,7,458, Tue, 19/10/01, 00:16:15 
459,1569889060,0.0,0.0,0.0,24.55,65.65,97903.56,0.0,7,459, Tue, 19/10/01, 00:17:40 
460,1569889145,0.0,0.0,0.0,24.55,65.85,97902.75,0.0,7,460, Tue, 19/10/01, 00:19:05 
461,1569889230,0.0,0.0,0.0,24.56,65.84,97900.05,0.0,5,461, Tue, 19/10/01, 00:20:30 
462,1569889315,0.0,0.0,0.0,24.55,65.81,97902.75,0.0,7,462, Tue, 19/10/01, 00:21:55 
463,1569889400,0.0,0.0,0.0,24.56,65.85,97910.87,0.0,7,463, Tue, 19/10/01, 00:23:20 
464,1569889485,0.0,0.0,0.0,24.55,65.91,97906.27,0.0,3,464, Tue, 19/10/01, 00:24:45 
465,1569889570,0.0,0.0,0.0,24.55,65.82,97908.99,0.0,7,465, Tue, 19/10/01, 00:26:10 
466,1569889655,0.0,0.0,0.0,24.56,65.84,97898.15,0.0,7,466, Tue, 19/10/01, 00:27:35 
467,1569889740,0.0,0.0,0.0,24.55,65.88,97895.44,0.0,7,467, Tue, 19/10/01, 00:29:00 
468,1569889825,0.0,0.0,0.0,24.56,65.9,97908.17,0.0,5,468, Tue, 19/10/01, 00:30:25 
469,1569889910,0.0,0.0,0.0,24.56,65.88,97902.75,0.0,5,469, Tue, 19/10/01, 00:31:50 
470,1569889995,0.0,0.0,0.0,24.56,65.93,97903.56,0.0,5,470, Tue, 19/10/01, 00:33:15 
471,1569890080,0.0,0.0,0.0,24.56,65.88,97900.86,0.0,6,471, Tue, 19/10/01, 00:34:40 
472,1569890165,0.0,0.0,0.0,24.56,66.02,97903.56,0.0,5,472, Tue, 19/10/01, 00:36:05 
473,1569890250,0.0,0.0,0.0,24.56,65.93,97903.56,0.0,7,473, Tue, 19/10/01, 00:37:30 
474,1569890335,0.0,0.0,0.0,24.56,65.92,97910.59,0.0,7,474, Tue, 19/10/01, 00:38:55 
475,1569890420,0.0,0.0,0.0,24.56,65.97,97909.8,0.0,7,475, Tue, 19/10/01, 00:40:20 
476,1569890505,0.0,0.0,0.0,24.56,65.95,97905.16,0.0,6,476, Tue, 19/10/01, 00:41:45 
477,1569890590,0.0,0.0,0.0,24.56,65.74,97907.87,0.0,7,477, Tue, 19/10/01, 00:43:10 
478,1569890675,0.0,0.0,0.0,24.56,65.99,97916.0,0.0,7,478, Tue, 19/10/01, 00:44:35 
479,1569890760,0.0,0.0,0.0,24.57,66.03,97916.82,0.0,7,479, Tue, 19/10/01, 00:46:00 
480,1569890845,0.0,0.0,0.0,24.57,66.09,97924.13,0.0,7,480, Tue, 19/10/01, 00:47:25 
481,1569890930,0.0,0.0,0.0,24.57,66.01,97925.76,0.0,5,481, Tue, 19/10/01, 00:48:50 
482,1569891015,0.0,0.0,0.0,24.57,66.04,97922.24,0.0,7,482, Tue, 19/10/01, 00:50:15 
483,1569891100,0.0,0.0,0.0,24.59,65.88,97924.95,0.0,7,483, Tue, 19/10/01, 00:51:40 
484,1569891185,0.0,0.0,0.0,24.57,66.09,97923.05,0.0,7,484, Tue, 19/10/01, 00:53:05 
485,1569891270,0.0,0.0,0.0,24.59,66.12,97924.65,0.0,7,485, Tue, 19/10/01, 00:54:30 
486,1569891355,0.0,0.0,0.0,24.59,65.97,97924.65,0.0,5,486, Tue, 19/10/01, 00:55:55 
487,1569891440,0.0,0.0,0.0,24.57,66.15,97918.45,0.0,7,487, Tue, 19/10/01, 00:57:20 
488,1569891525,0.0,0.0,0.0,24.59,66.13,97927.36,0.0,7,488, Tue, 19/10/01, 00:58:45 
489,1569891610,0.0,0.0,0.0,24.59,66.04,97925.76,0.0,7,489, Tue, 19/10/01, 01:00:10 
490,1569891695,0.0,0.0,0.0,24.59,66.16,97940.12,0.0,5,490, Tue, 19/10/01, 01:01:35 
491,1569891780,0.0,0.0,0.0,24.59,66.16,97933.89,0.0,3,491, Tue, 19/10/01, 01:03:00 
492,1569891865,0.0,0.0,0.0,24.59,66.15,97936.31,0.0,5,492, Tue, 19/10/01, 01:04:25 
493,1569891950,0.0,0.0,0.0,24.59,66.19,97941.72,0.0,4,493, Tue, 19/10/01, 01:05:50 
494,1569892035,0.0,0.0,0.0,24.6,66.22,97930.89,0.0,5,494, Tue, 19/10/01, 01:07:15 
495,1569892120,0.0,0.0,0.0,24.6,66.2,97939.84,0.0,5,495, Tue, 19/10/01, 01:08:40 
496,1569892205,0.0,0.0,0.0,24.6,66.19,97934.41,0.0,5,496, Tue, 19/10/01, 01:10:05 
497,1569892290,0.0,0.0,0.0,24.59,66.25,97942.55,0.0,7,497, Tue, 19/10/01, 01:11:30 
498,1569892375,0.0,0.0,0.0,24.6,66.24,97933.6,0.0,5,498, Tue, 19/10/01, 01:12:55 
499,1569892460,0.0,0.0,0.0,24.6,66.27,97944.44,0.0,7,499, Tue, 19/10/01, 01:14:20 
500,1569892545,0.0,0.0,0.0,24.6,66.3,97947.15,0.0,5,500, Tue, 19/10/01, 01:15:45 
501,1569892630,0.0,0.0,0.0,24.61,66.16,97942.55,0.0,7,501, Tue, 19/10/01, 01:17:10 
502,1569892715,0.0,0.0,0.0,24.61,66.29,97945.25,0.0,7,502, Tue, 19/10/01, 01:18:35 
503,1569892800,0.0,0.0,0.0,24.61,66.27,97947.15,0.0,5,503, Tue, 19/10/01, 01:20:00 
504,1569892885,0.0,0.0,0.0,24.6,66.32,97941.72,0.0,7,504, Tue, 19/10/01, 01:21:25 
505,1569892970,0.0,0.0,0.0,24.61,66.35,97942.55,0.0,7,505, Tue, 19/10/01, 01:22:50 
506,1569893055,0.0,0.0,0.0,24.62,66.35,97950.67,0.0,7,506, Tue, 19/10/01, 01:24:15 
507,1569893140,0.0,0.0,0.0,24.61,66.39,97949.56,0.0,7,507, Tue, 19/10/01, 01:25:40 
508,1569893225,0.0,0.0,0.0,24.61,66.42,97945.25,0.0,4,508, Tue, 19/10/01, 01:27:05 
509,1569893310,0.0,0.0,0.0,24.61,66.45,97945.25,0.0,5,509, Tue, 19/10/01, 01:28:30 
510,1569893396,0.0,0.0,0.0,24.61,66.52,97948.78,0.0,5,510, Tue, 19/10/01, 01:29:56 
511,1569893482,0.0,0.0,0.0,24.61,66.54,97947.97,0.0,6,511, Tue, 19/10/01, 01:31:22 
512,1569893568,0.0,0.0,0.0,24.61,66.52,97954.2,0.0,4,512, Tue, 19/10/01, 01:32:48 
513,1569893654,0.0,0.0,0.0,24.62,66.6,97953.38,0.0,6,513, Tue, 19/10/01, 01:34:14 
514,1569893740,0.0,0.0,0.0,24.62,66.55,97960.4,0.0,5,514, Tue, 19/10/01, 01:35:40 
515,1569893826,0.0,0.0,0.0,24.62,66.64,97954.99,0.0,5,515, Tue, 19/10/01, 01:37:06 
516,1569893912,0.0,0.0,0.0,24.61,66.79,97957.69,0.0,4,516, Tue, 19/10/01, 01:38:32 
517,1569893998,0.0,0.0,0.0,24.61,66.64,97959.62,0.0,5,517, Tue, 19/10/01, 01:39:58 
518,1569894084,0.0,0.0,0.0,24.61,66.64,97950.67,0.0,6,518, Tue, 19/10/01, 01:41:24 
519,1569894170,0.0,0.0,0.0,24.61,66.65,97959.62,0.0,5,519, Tue, 19/10/01, 01:42:50 
520,1569894256,0.0,0.0,0.0,24.62,66.67,97959.62,0.0,5,520, Tue, 19/10/01, 01:44:16 
521,1569894342,0.0,0.0,0.0,24.62,66.67,97954.99,0.0,5,521, Tue, 19/10/01, 01:45:42 
522,1569894428,0.0,0.0,0.0,24.61,66.61,97950.37,0.0,6,522, Tue, 19/10/01, 01:47:08 
523,1569894514,0.0,0.0,0.0,24.62,66.72,97946.86,0.0,5,523, Tue, 19/10/01, 01:48:34 
524,1569894600,0.0,0.0,0.0,24.62,66.7,97949.56,0.0,5,524, Tue, 19/10/01, 01:50:00 
525,1569894686,0.0,0.0,0.0,24.62,66.77,97950.37,0.0,5,525, Tue, 19/10/01, 01:51:26 
526,1569894772,0.0,0.0,0.0,24.62,66.74,97946.86,0.0,6,526, Tue, 19/10/01, 01:52:52 
527,1569894858,0.0,0.0,0.0,24.62,66.72,97946.86,0.0,6,527, Tue, 19/10/01, 01:54:18 
528,1569894944,0.0,0.0,0.0,24.62,66.71,97939.55,0.0,6,528, Tue, 19/10/01, 01:55:44 
529,1569895030,0.0,0.0,0.0,24.62,66.76,97936.01,0.0,3,529, Tue, 19/10/01, 01:57:10 
530,1569895116,0.0,0.0,0.0,24.61,66.83,97947.67,0.0,5,530, Tue, 19/10/01, 01:58:36 
531,1569895202,0.0,0.0,0.0,24.62,66.78,97951.49,0.0,5,531, Tue, 19/10/01, 02:00:02 
532,1569895288,0.0,0.0,0.0,24.62,66.84,97955.8,0.0,5,532, Tue, 19/10/01, 02:01:28 
533,1569895374,0.0,0.0,0.0,24.62,66.76,97955.8,0.0,5,533, Tue, 19/10/01, 02:02:54 
534,1569895460,0.0,0.0,0.0,24.62,66.8,97960.4,0.0,6,534, Tue, 19/10/01, 02:04:20 
535,1569895546,0.0,0.0,0.0,24.62,66.81,97960.4,0.0,6,535, Tue, 19/10/01, 02:05:46 
536,1569895632,0.0,0.0,0.0,24.62,66.79,97959.32,0.0,6,536, Tue, 19/10/01, 02:07:12 
537,1569895718,0.0,0.0,0.0,24.62,66.77,97965.82,0.0,5,537, Tue, 19/10/01, 02:08:38 
538,1569895804,0.0,0.0,0.0,24.62,66.79,97966.64,0.0,6,538, Tue, 19/10/01, 02:10:04 
539,1569895890,0.0,0.0,0.0,24.62,66.76,97964.75,0.0,4,539, Tue, 19/10/01, 02:11:30 
540,1569895976,0.0,0.0,0.0,24.62,66.8,97964.75,0.0,6,540, Tue, 19/10/01, 02:12:56 
541,1569896062,0.0,0.0,0.0,24.62,66.83,97960.4,0.0,5,541, Tue, 19/10/01, 02:14:22 
542,1569896148,0.0,0.0,0.0,24.62,66.84,97953.9,0.0,6,542, Tue, 19/10/01, 02:15:48 
543,1569896234,0.0,0.0,0.0,24.61,66.83,97955.8,0.0,5,543, Tue, 19/10/01, 02:17:14 
544,1569896320,0.0,0.0,0.0,24.61,66.85,97949.56,0.0,6,544, Tue, 19/10/01, 02:18:40 
545,1569896406,0.0,0.0,0.0,24.62,66.89,97950.37,0.0,4,545, Tue, 19/10/01, 02:20:06 
546,1569896492,0.0,0.0,0.0,24.61,66.86,97957.69,0.0,6,546, Tue, 19/10/01, 02:21:32 
547,1569896578,0.0,0.0,0.0,24.62,66.89,97956.9,0.0,4,547, Tue, 19/10/01, 02:22:58 
548,1569896757,0.0,0.0,0.0,24.62,66.89,97956.62,0.0,6,548, Tue, 19/10/01, 02:25:57 
549,1569896929,0.0,0.0,0.0,24.62,66.92,97964.75,0.0,6,549, Tue, 19/10/01, 02:28:49 
550,1569897075,0.0,0.0,0.0,24.62,66.89,97965.82,0.0,6,550, Tue, 19/10/01, 02:31:15 
551,1569897222,0.0,0.0,0.0,24.61,66.88,97960.4,0.0,5,551, Tue, 19/10/01, 02:33:42 
552,1569897389,0.0,0.0,0.0,24.62,66.89,97963.93,0.0,6,552, Tue, 19/10/01, 02:36:29 
553,1569897475,0.0,0.0,0.0,24.62,66.77,97966.64,0.0,3,553, Tue, 19/10/01, 02:37:55 
554,1569897561,0.0,0.0,0.0,24.62,66.93,97954.99,0.0,6,554, Tue, 19/10/01, 02:39:21 
555,1569897647,0.0,0.0,0.0,24.61,66.91,97962.32,0.0,6,555, Tue, 19/10/01, 02:40:47 
556,1569897733,0.0,0.0,0.0,24.61,66.91,97957.69,0.0,5,556, Tue, 19/10/01, 02:42:13 
557,1569897819,0.0,0.0,0.0,24.61,66.93,97962.32,0.0,5,557, Tue, 19/10/01, 02:43:39 
558,1569897905,0.0,0.0,0.0,24.61,66.93,97961.22,0.0,6,558, Tue, 19/10/01, 02:45:05 
559,1569897991,0.0,0.0,0.0,24.62,66.93,97954.99,0.0,4,559, Tue, 19/10/01, 02:46:31 
560,1569898077,0.0,0.0,0.0,24.62,66.94,97948.78,0.0,6,560, Tue, 19/10/01, 02:47:57 
561,1569898163,0.0,0.0,0.0,24.62,66.94,97949.56,0.0,6,561, Tue, 19/10/01, 02:49:23 
562,1569898249,0.0,0.0,0.0,24.61,66.96,97940.65,0.0,3,562, Tue, 19/10/01, 02:50:49 
563,1569898335,0.0,0.0,0.0,24.61,66.96,97937.94,0.0,4,563, Tue, 19/10/01, 02:52:15 
564,1569898421,0.0,0.0,0.0,24.61,66.97,97931.7,0.0,5,564, Tue, 19/10/01, 02:53:41 
565,1569898507,0.0,0.0,0.0,24.61,66.99,97929.0,0.0,5,565, Tue, 19/10/01, 02:55:07 
566,1569898593,0.0,0.0,0.0,24.62,67.01,97921.69,0.0,6,566, Tue, 19/10/01, 02:56:33 
567,1569898679,0.0,0.0,0.0,24.61,67.0,97920.86,0.0,5,567, Tue, 19/10/01, 02:57:59 
568,1569898765,0.0,0.0,0.0,24.62,67.05,97920.86,0.0,4,568, Tue, 19/10/01, 02:59:25 
569,1569898851,0.0,0.0,0.0,24.61,67.06,97916.26,0.0,6,569, Tue, 19/10/01, 03:00:51 
570,1569898937,0.0,0.0,0.0,24.61,67.01,97913.55,0.0,4,570, Tue, 19/10/01, 03:02:17 
571,1569899024,0.0,0.0,0.0,24.61,67.13,97912.74,0.0,5,571, Tue, 19/10/01, 03:03:44 
572,1569899111,0.0,0.0,0.0,24.61,67.04,97910.84,0.0,5,572, Tue, 19/10/01, 03:05:11 
573,1569899198,0.0,0.0,0.0,24.61,67.28,97916.26,0.0,4,573, Tue, 19/10/01, 03:06:38 
574,1569899285,0.0,0.0,0.0,24.61,67.05,97918.97,0.0,4,574, Tue, 19/10/01, 03:08:05 
575,1569899372,0.0,0.0,0.0,24.61,67.14,97912.74,0.0,5,575, Tue, 19/10/01, 03:09:32 
576,1569899459,0.0,0.0,0.0,24.61,67.06,97915.44,0.0,6,576, Tue, 19/10/01, 03:10:59 
577,1569899546,0.0,0.0,0.0,24.6,67.06,97905.42,0.0,4,577, Tue, 19/10/01, 03:12:26 
578,1569899633,0.0,0.0,0.0,24.6,67.24,97903.8,0.0,4,578, Tue, 19/10/01, 03:13:53 
579,1569899720,0.0,0.0,0.0,24.61,67.08,97903.8,0.0,4,579, Tue, 19/10/01, 03:15:20 
580,1569899807,0.0,0.0,0.0,24.61,66.95,97904.61,0.0,5,580, Tue, 19/10/01, 03:16:47 
581,1569899894,0.0,0.0,0.0,24.61,67.12,97905.42,0.0,6,581, Tue, 19/10/01, 03:18:14 
582,1569899981,0.0,0.0,0.0,24.61,67.14,97902.72,0.0,4,582, Tue, 19/10/01, 03:19:41 
583,1569900068,0.0,0.0,0.0,24.61,67.14,97908.91,0.0,4,583, Tue, 19/10/01, 03:21:08 
584,1569900155,0.0,0.0,0.0,24.61,67.15,97905.42,0.0,5,584, Tue, 19/10/01, 03:22:35 
585,1569900242,0.0,0.0,0.0,24.61,67.16,97906.2,0.0,4,585, Tue, 19/10/01, 03:24:02 
586,1569900329,0.0,0.0,0.0,24.61,67.28,97906.2,0.0,4,586, Tue, 19/10/01, 03:25:29 
587,1569900416,0.0,0.0,0.0,24.61,67.22,97900.79,0.0,4,587, Tue, 19/10/01, 03:26:56 
588,1569900503,0.0,0.0,0.0,24.61,67.22,97898.07,0.0,6,588, Tue, 19/10/01, 03:28:23 
589,1569900590,0.0,0.0,0.0,24.61,67.3,97900.79,0.0,6,589, Tue, 19/10/01, 03:29:50 
590,1569900677,0.0,0.0,0.0,24.62,67.29,97900.79,0.0,4,590, Tue, 19/10/01, 03:31:17 
591,1569900764,0.0,0.0,0.0,24.6,67.48,97892.95,0.0,4,591, Tue, 19/10/01, 03:32:44 
592,1569900851,0.0,0.0,0.0,24.62,67.23,97891.06,0.0,6,592, Tue, 19/10/01, 03:34:11 
593,1569900938,0.0,0.0,0.0,24.61,67.45,97892.65,0.0,4,593, Tue, 19/10/01, 03:35:38 
594,1569901025,0.0,0.0,0.0,24.61,67.51,97896.19,0.0,3,594, Tue, 19/10/01, 03:37:05 
595,1569901112,0.0,0.0,0.0,24.61,67.52,97889.94,0.0,4,595, Tue, 19/10/01, 03:38:32 
596,1569901199,0.0,0.0,0.0,24.62,67.53,97889.94,0.0,6,596, Tue, 19/10/01, 03:39:59 
597,1569901286,0.0,0.0,0.0,24.61,67.5,97883.74,0.0,3,597, Tue, 19/10/01, 03:41:26 
598,1569901373,0.0,0.0,0.0,24.62,67.53,97888.05,0.0,4,598, Tue, 19/10/01, 03:42:53 
599,1569901460,0.0,0.0,0.0,24.61,67.43,97890.76,0.0,6,599, Tue, 19/10/01, 03:44:20 
600,1569901547,0.0,0.0,0.0,24.62,67.6,97883.74,0.0,4,600, Tue, 19/10/01, 03:45:47 
601,1569901634,0.0,0.0,0.0,24.61,67.61,97876.4,0.0,4,601, Tue, 19/10/01, 03:47:14 
602,1569901721,0.0,0.0,0.0,24.62,67.62,97888.34,0.0,6,602, Tue, 19/10/01, 03:48:41 
603,1569901808,0.0,0.0,0.0,24.62,67.68,97884.53,0.0,6,603, Tue, 19/10/01, 03:50:08 
604,1569901895,0.0,0.0,0.0,24.62,67.61,97890.76,0.0,6,604, Tue, 19/10/01, 03:51:35 
605,1569901982,0.0,0.0,0.0,24.62,67.57,97892.65,0.0,6,605, Tue, 19/10/01, 03:53:02 
606,1569902069,0.0,0.0,0.0,24.62,67.46,97894.57,0.0,6,606, Tue, 19/10/01, 03:54:29 
607,1569902156,0.0,0.0,0.0,24.62,67.58,97894.57,0.0,4,607, Tue, 19/10/01, 03:55:56 
608,1569902243,0.0,0.0,0.0,24.61,67.61,97881.82,0.0,4,608, Tue, 19/10/01, 03:57:23 
609,1569902330,0.0,0.0,0.0,24.61,67.62,97881.03,0.0,4,609, Tue, 19/10/01, 03:58:50 
610,1569902417,0.0,0.0,0.0,24.61,67.64,97867.49,0.0,6,610, Tue, 19/10/01, 04:00:17 
611,1569902504,0.0,0.0,0.0,24.61,67.65,97876.4,0.0,4,611, Tue, 19/10/01, 04:01:44 
612,1569902591,0.0,0.0,0.0,24.61,67.64,97870.99,0.0,4,612, Tue, 19/10/01, 04:03:11 
613,1569902678,0.0,0.0,0.0,24.62,67.66,97880.22,0.0,6,613, Tue, 19/10/01, 04:04:38 
614,1569902765,0.0,0.0,0.0,24.61,67.65,97881.03,0.0,4,614, Tue, 19/10/01, 04:06:05 
615,1569902852,0.0,0.0,0.0,24.62,67.48,97875.61,0.0,4,615, Tue, 19/10/01, 04:07:32 
616,1569902939,0.0,0.0,0.0,24.62,67.65,97879.11,0.0,2,616, Tue, 19/10/01, 04:08:59 
617,1569903026,0.0,0.0,0.0,24.62,67.65,97874.8,0.0,4,617, Tue, 19/10/01, 04:10:26 
618,1569903113,0.0,0.0,0.0,24.62,67.64,97883.74,0.0,4,618, Tue, 19/10/01, 04:11:53 
619,1569903200,0.0,0.0,0.0,24.62,67.64,97878.03,0.0,4,619, Tue, 19/10/01, 04:13:20 
620,1569903287,0.0,0.0,0.0,24.61,67.66,97885.34,0.0,4,620, Tue, 19/10/01, 04:14:47 
621,1569903374,0.0,0.0,0.0,24.62,67.64,97885.34,0.0,4,621, Tue, 19/10/01, 04:16:14 
622,1569903461,0.0,0.0,0.0,24.62,67.64,97881.03,0.0,4,622, Tue, 19/10/01, 04:17:41 
623,1569903548,0.0,0.0,0.0,24.61,67.63,97872.9,0.0,5,623, Tue, 19/10/01, 04:19:08 
624,1569903635,0.0,0.0,0.0,24.61,67.63,97879.11,0.0,5,624, Tue, 19/10/01, 04:20:35 
625,1569903722,0.0,0.0,0.0,24.62,67.62,97884.53,0.0,4,625, Tue, 19/10/01, 04:22:02 
626,1569903809,0.0,0.0,0.0,24.61,67.63,97887.24,0.0,4,626, Tue, 19/10/01, 04:23:29 
627,1569903896,0.0,0.0,0.0,24.62,67.4,97891.06,0.0,5,627, Tue, 19/10/01, 04:24:56 
628,1569903983,0.0,0.0,0.0,24.6,67.61,97889.16,0.0,5,628, Tue, 19/10/01, 04:26:23 
629,1569904070,0.0,0.0,0.0,24.6,67.61,97889.16,0.0,5,629, Tue, 19/10/01, 04:27:50 
630,1569904157,0.0,0.0,0.0,24.61,67.62,97882.11,0.0,5,630, Tue, 19/10/01, 04:29:17 
631,1569904244,0.0,0.0,0.0,24.61,67.61,97882.93,0.0,4,631, Tue, 19/10/01, 04:30:44 
632,1569904331,0.0,0.0,0.0,24.61,67.62,97872.9,0.0,4,632, Tue, 19/10/01, 04:32:11 
633,1569904419,0.0,0.0,0.0,24.61,67.65,97880.51,0.0,4,633, Tue, 19/10/01, 04:33:39 
634,1569904507,0.0,0.0,0.0,24.61,67.66,97880.22,0.0,4,634, Tue, 19/10/01, 04:35:07 
635,1569904595,0.0,0.0,0.0,24.6,67.64,97880.22,0.0,5,635, Tue, 19/10/01, 04:36:35 
636,1569904683,0.0,0.0,0.0,24.61,67.64,97881.03,0.0,4,636, Tue, 19/10/01, 04:38:03 
637,1569904771,0.0,0.0,0.0,24.6,67.63,97874.8,0.0,4,637, Tue, 19/10/01, 04:39:31 
638,1569904859,0.0,0.0,0.0,24.6,67.64,97879.4,0.0,4,638, Tue, 19/10/01, 04:40:59 
639,1569904947,0.0,0.0,0.0,24.6,67.68,97880.22,0.0,2,639, Tue, 19/10/01, 04:42:27 
640,1569905035,0.0,0.0,0.0,24.61,67.67,97875.87,0.0,2,640, Tue, 19/10/01, 04:43:55 
641,1569905123,0.0,0.0,0.0,24.6,67.63,97870.45,0.0,4,641, Tue, 19/10/01, 04:45:23 
642,1569905211,0.0,0.0,0.0,24.6,67.65,97877.5,0.0,3,642, Tue, 19/10/01, 04:46:51 
643,1569905299,0.0,0.0,0.0,24.6,67.64,97878.59,0.0,4,643, Tue, 19/10/01, 04:48:19 
644,1569905387,0.0,0.0,0.0,24.6,67.66,97868.56,0.0,5,644, Tue, 19/10/01, 04:49:47 
645,1569905475,0.0,0.0,0.0,24.61,67.65,97867.75,0.0,3,645, Tue, 19/10/01, 04:51:15 
646,1569905563,0.0,0.0,0.0,24.6,67.68,97865.04,0.0,3,646, Tue, 19/10/01, 04:52:43 
647,1569905651,0.0,0.0,0.0,24.6,67.68,97862.32,0.0,4,647, Tue, 19/10/01, 04:54:11 
648,1569905739,0.0,0.0,0.0,24.59,67.69,97859.62,0.0,5,648, Tue, 19/10/01, 04:55:39 
649,1569905827,0.0,0.0,0.0,24.59,67.7,97856.12,0.0,3,649, Tue, 19/10/01, 04:57:07 
650,1569905915,0.0,0.0,0.0,24.59,67.71,97858.55,0.0,3,650, Tue, 19/10/01, 04:58:35 
651,1569906003,0.0,0.0,0.0,24.59,67.59,97858.01,0.0,4,651, Tue, 19/10/01, 05:00:03 
652,1569906091,0.0,0.0,0.0,24.59,67.78,97873.17,0.0,4,652, Tue, 19/10/01, 05:01:31 
653,1569906240,0.0,0.0,0.0,24.59,67.8,97872.39,0.0,4,653, Tue, 19/10/01, 05:04:00 
